Track Name,Artist Name(s),Album Name,Genres,Genres_encoded
unpopular parts of a pig,Mclusky,the world is still here and so are we,"noise rock, indie rock, punk, indie, rock, post-hardcore, alternative, welsh, post-punk, alternative rock",75.44355508534476
cops and coppers,Mclusky,the world is still here and so are we,"noise rock, indie rock, punk, indie, rock, post-hardcore, alternative, welsh, post-punk, alternative rock",75.44355508534476
way of the exploding dickhead,Mclusky,the world is still here and so are we,"noise rock, indie rock, punk, indie, rock, post-hardcore, alternative, welsh, post-punk, alternative rock",75.44355508534476
the battle of los angelsea,Mclusky,the world is still here and so are we,"noise rock, indie rock, punk, indie, rock, post-hardcore, alternative, welsh, post-punk, alternative rock",75.44355508534476
people person,Mclusky,the world is still here and so are we,"noise rock, indie rock, punk, indie, rock, post-hardcore, alternative, welsh, post-punk, alternative rock",75.44355508534476
the competent horse thief,Mclusky,the world is still here and so are we,"noise rock, indie rock, punk, indie, rock, post-hardcore, alternative, welsh, post-punk, alternative rock",75.44355508534476
kafka-esque novelist franz kafka,Mclusky,the world is still here and so are we,"noise rock, indie rock, punk, indie, rock, post-hardcore, alternative, welsh, post-punk, alternative rock",75.44355508534476
the digger you deep,Mclusky,the world is still here and so are we,"noise rock, indie rock, punk, indie, rock, post-hardcore, alternative, welsh, post-punk, alternative rock",75.44355508534476
autofocus on the prime directive,Mclusky,the world is still here and so are we,"noise rock, indie rock, punk, indie, rock, post-hardcore, alternative, welsh, post-punk, alternative rock",75.44355508534476
not all steeplejacks,Mclusky,the world is still here and so are we,"noise rock, indie rock, punk, indie, rock, post-hardcore, alternative, welsh, post-punk, alternative rock",75.44355508534476
chekhov's guns,Mclusky,the world is still here and so are we,"noise rock, indie rock, punk, indie, rock, post-hardcore, alternative, welsh, post-punk, alternative rock",75.44355508534476
juan party-system,Mclusky,the world is still here and so are we,"noise rock, indie rock, punk, indie, rock, post-hardcore, alternative, welsh, post-punk, alternative rock",75.44355508534476
hate the polis,Mclusky,the world is still here and so are we,"noise rock, indie rock, punk, indie, rock, post-hardcore, alternative, welsh, post-punk, alternative rock",75.44355508534476
Illegal,PinkPantheress,Fancy That,"female vocalist, electronic, rnb, pop, british, drum and bass, uk garage, bedroom pop, dnb",79.37313762692567
Illegal,PinkPantheress,Fancy That,"electropop, drum n bass, breakbeat, rnb, alternative pop, female vocalist, electronic, pop",70.26581922571242
Girl Like Me,PinkPantheress,Fancy That,"female vocalist, electronic, rnb, pop, british, drum and bass, uk garage, bedroom pop, dnb",79.37313762692567
Girl Like Me,PinkPantheress,Fancy That,"electropop, drum n bass, breakbeat, rnb, alternative pop, female vocalist, electronic, pop",70.26581922571242
Tonight,PinkPantheress,Fancy That,"female vocalist, electronic, rnb, pop, british, drum and bass, uk garage, bedroom pop, dnb",79.37313762692567
Tonight,PinkPantheress,Fancy That,"electropop, drum n bass, breakbeat, rnb, alternative pop, female vocalist, electronic, pop",70.26581922571242
Stars,PinkPantheress,Fancy That,"female vocalist, electronic, rnb, pop, british, drum and bass, uk garage, bedroom pop, dnb",79.37313762692567
Stars,PinkPantheress,Fancy That,"electropop, drum n bass, breakbeat, rnb, alternative pop, female vocalist, electronic, pop",70.26581922571242
Intermission,PinkPantheress,Fancy That,"female vocalist, electronic, rnb, pop, british, drum and bass, uk garage, bedroom pop, dnb",79.37313762692567
Intermission,PinkPantheress,Fancy That,"electropop, drum n bass, breakbeat, rnb, alternative pop, female vocalist, electronic, pop",70.26581922571242
Noises,PinkPantheress,Fancy That,"female vocalist, electronic, rnb, pop, british, drum and bass, uk garage, bedroom pop, dnb",79.37313762692567
Noises,PinkPantheress,Fancy That,"electropop, drum n bass, breakbeat, rnb, alternative pop, female vocalist, electronic, pop",70.26581922571242
Nice to Know You,PinkPantheress,Fancy That,"female vocalist, electronic, rnb, pop, british, drum and bass, uk garage, bedroom pop, dnb",79.37313762692567
Nice to Know You,PinkPantheress,Fancy That,"electropop, drum n bass, breakbeat, rnb, alternative pop, female vocalist, electronic, pop",70.26581922571242
Stateside,PinkPantheress,Fancy That,"female vocalist, electronic, rnb, pop, british, drum and bass, uk garage, bedroom pop, dnb",79.37313762692567
Stateside,PinkPantheress,Fancy That,"electropop, drum n bass, breakbeat, rnb, alternative pop, female vocalist, electronic, pop",70.26581922571242
Romeo,PinkPantheress,Fancy That,"female vocalist, electronic, rnb, pop, british, drum and bass, uk garage, bedroom pop, dnb",79.37313762692567
Romeo,PinkPantheress,Fancy That,"electropop, drum n bass, breakbeat, rnb, alternative pop, female vocalist, electronic, pop",70.26581922571242
Sin City,"MIKE,Tony Seltzer",Pinball II,"rap, hip-hop, experimental hip hop",67.4817264613762
Dolemite - feat. Lunchbox,"MIKE,Tony Seltzer,Lunchbox",Pinball II,"rap, hip-hop, experimental hip hop",67.4817264613762
#71,"MIKE,Tony Seltzer",Pinball II,"rap, hip-hop, experimental hip hop",67.4817264613762
WYC4,"MIKE,Tony Seltzer",Pinball II,"rap, hip-hop, experimental hip hop",67.4817264613762
Golden Dragon,"MIKE,Tony Seltzer",Pinball II,"rap, hip-hop, experimental hip hop",67.4817264613762
Money & Power,"MIKE,Tony Seltzer",Pinball II,"rap, hip-hop, experimental hip hop",67.4817264613762
Belt,"MIKE,Tony Seltzer",Pinball II,"rap, hip-hop, experimental hip hop",67.4817264613762
Sucka-Free,"MIKE,Tony Seltzer",Pinball II,"rap, hip-hop, experimental hip hop",67.4817264613762
Prezzy,"MIKE,Tony Seltzer",Pinball II,"rap, hip-hop, experimental hip hop",67.4817264613762
Angsty,"MIKE,Tony Seltzer",Pinball II,"rap, hip-hop, experimental hip hop",67.4817264613762
DONT FORCE IT,"MIKE,Tony Seltzer",Pinball II,"rap, hip-hop, experimental hip hop",67.4817264613762
Hell Date - feat. Sideshow,"MIKE,Tony Seltzer,Sideshow",Pinball II,"rap, hip-hop, experimental hip hop",67.4817264613762
Splat!,"MIKE,Tony Seltzer",Pinball II,"rap, hip-hop, experimental hip hop",67.4817264613762
Shaq & Kobe - feat. Niontay,"MIKE,Tony Seltzer,Niontay",Pinball II,"rap, hip-hop, experimental hip hop",67.4817264613762
Amiri,"MIKE,Tony Seltzer",Pinball II,"rap, hip-hop, experimental hip hop",67.4817264613762
Jumanji - feat. Earl Sweatshirt,"MIKE,Tony Seltzer,Earl Sweatshirt",Pinball II,"rap, hip-hop, experimental hip hop",67.4817264613762
Chest Painz,"MIKE,Tony Seltzer",Pinball II,"rap, hip-hop, experimental hip hop",67.4817264613762
After The Setting Sun,The Head And The Heart,Aperture,"female vocalist, folk, indie, alternative, seattle, male vocalists, indie folk, american, folk rock, acoustic",83.27125159845247
Time With My Sins,The Head And The Heart,Aperture,"female vocalist, folk, indie, alternative, seattle, male vocalists, indie folk, american, folk rock, acoustic",83.27125159845247
Arrow,The Head And The Heart,Aperture,"female vocalist, folk, indie, alternative, seattle, male vocalists, indie folk, american, folk rock, acoustic",83.27125159845247
"Beg, Steal, Borrow",The Head And The Heart,Aperture,"female vocalist, folk, indie, alternative, seattle, male vocalists, indie folk, american, folk rock, acoustic",83.27125159845247
Cop Car,The Head And The Heart,Aperture,"female vocalist, folk, indie, alternative, seattle, male vocalists, indie folk, american, folk rock, acoustic",83.27125159845247
Blue Embers,The Head And The Heart,Aperture,"female vocalist, folk, indie, alternative, seattle, male vocalists, indie folk, american, folk rock, acoustic",83.27125159845247
Fire Escape,The Head And The Heart,Aperture,"female vocalist, folk, indie, alternative, seattle, male vocalists, indie folk, american, folk rock, acoustic",83.27125159845247
Pool Break,The Head And The Heart,Aperture,"female vocalist, folk, indie, alternative, seattle, male vocalists, indie folk, american, folk rock, acoustic",83.27125159845247
Jubilee,The Head And The Heart,Aperture,"female vocalist, folk, indie, alternative, seattle, male vocalists, indie folk, american, folk rock, acoustic",83.27125159845247
West Coast,The Head And The Heart,Aperture,"female vocalist, folk, indie, alternative, seattle, male vocalists, indie folk, american, folk rock, acoustic",83.27125159845247
Finally Free,The Head And The Heart,Aperture,"female vocalist, folk, indie, alternative, seattle, male vocalists, indie folk, american, folk rock, acoustic",83.27125159845247
Aperture,The Head And The Heart,Aperture,"female vocalist, folk, indie, alternative, seattle, male vocalists, indie folk, american, folk rock, acoustic",83.27125159845247
ICNBYH,Cuco,Ridin',"dream pop, experimental, indie pop, rnb, indie, post-rock, bedroom pop, noise rock, singer-songwriter, american",71.50706879128386
My 45 (with Jean Carter),"Cuco,Jean Carter",Ridin',"dream pop, experimental, indie pop, rnb, indie, post-rock, bedroom pop, noise rock, singer-songwriter, american",71.50706879128386
Ridin',Cuco,Ridin',"dream pop, experimental, indie pop, rnb, indie, post-rock, bedroom pop, noise rock, singer-songwriter, american",71.50706879128386
Para Ti,Cuco,Ridin',"dream pop, experimental, indie pop, rnb, indie, post-rock, bedroom pop, noise rock, singer-songwriter, american",71.50706879128386
Phases,Cuco,Ridin',"dream pop, experimental, indie pop, rnb, indie, post-rock, bedroom pop, noise rock, singer-songwriter, american",71.50706879128386
Don’t Be So Rude,Cuco,Ridin',"dream pop, experimental, indie pop, rnb, indie, post-rock, bedroom pop, noise rock, singer-songwriter, american",71.50706879128386
Seems So,Cuco,Ridin',"dream pop, experimental, indie pop, rnb, indie, post-rock, bedroom pop, noise rock, singer-songwriter, american",71.50706879128386
Coming Up The Driveway,Cuco,Ridin',"dream pop, experimental, indie pop, rnb, indie, post-rock, bedroom pop, noise rock, singer-songwriter, american",71.50706879128386
Troublemaker,Cuco,Ridin',"dream pop, experimental, indie pop, rnb, indie, post-rock, bedroom pop, noise rock, singer-songwriter, american",71.50706879128386
Walk The Way,Cuco,Ridin',"dream pop, experimental, indie pop, rnb, indie, post-rock, bedroom pop, noise rock, singer-songwriter, american",71.50706879128386
My Old Friend,Cuco,Ridin',"dream pop, experimental, indie pop, rnb, indie, post-rock, bedroom pop, noise rock, singer-songwriter, american",71.50706879128386
bluffing in the snow,André 3000,7 piano sketches,"instrumental, piano, hip-hop, rap, funk",64.40692371584215
and then one day you'll ...,André 3000,7 piano sketches,"instrumental, piano, hip-hop, rap, funk",64.40692371584215
"when you're a ant and you wake up in an awesome mood, about to drive your son to school, only to discover that you left the lights on in the car last night so your battery is drained",André 3000,7 piano sketches,"instrumental, piano, hip-hop, rap, funk",64.40692371584215
hotel lobby pianos,André 3000,7 piano sketches,"instrumental, piano, hip-hop, rap, funk",64.40692371584215
blueberry mansions,André 3000,7 piano sketches,"instrumental, piano, hip-hop, rap, funk",64.40692371584215
off rhythm laughter,André 3000,7 piano sketches,"instrumental, piano, hip-hop, rap, funk",64.40692371584215
i spend all day waiting for the night,André 3000,7 piano sketches,"instrumental, piano, hip-hop, rap, funk",64.40692371584215
Heaven is a Home…,Kali Uchis,"Sincerely,","rnb, reggaeton, latin pop, neo-soul, dance-pop, latin, female vocalist, colombia",64.6637746114375
Heaven is a Home…,Kali Uchis,"Sincerely,","indie, bossa nova, indie pop, queen, psychedelic soul, r&b, female vocalist, rnb, neo-soul",69.8520986056019
Sugar! Honey! Love!,Kali Uchis,"Sincerely,","rnb, reggaeton, latin pop, neo-soul, dance-pop, latin, female vocalist, colombia",64.6637746114375
Sugar! Honey! Love!,Kali Uchis,"Sincerely,","indie, bossa nova, indie pop, queen, psychedelic soul, r&b, female vocalist, rnb, neo-soul",69.8520986056019
"Lose My Cool,",Kali Uchis,"Sincerely,","rnb, reggaeton, latin pop, neo-soul, dance-pop, latin, female vocalist, colombia",64.6637746114375
"Lose My Cool,",Kali Uchis,"Sincerely,","indie, bossa nova, indie pop, queen, psychedelic soul, r&b, female vocalist, rnb, neo-soul",69.8520986056019
It's Just Us,Kali Uchis,"Sincerely,","rnb, reggaeton, latin pop, neo-soul, dance-pop, latin, female vocalist, colombia",64.6637746114375
It's Just Us,Kali Uchis,"Sincerely,","indie, bossa nova, indie pop, queen, psychedelic soul, r&b, female vocalist, rnb, neo-soul",69.8520986056019
For: You,Kali Uchis,"Sincerely,","rnb, reggaeton, latin pop, neo-soul, dance-pop, latin, female vocalist, colombia",64.6637746114375
For: You,Kali Uchis,"Sincerely,","indie, bossa nova, indie pop, queen, psychedelic soul, r&b, female vocalist, rnb, neo-soul",69.8520986056019
"Silk Lingerie,",Kali Uchis,"Sincerely,","rnb, reggaeton, latin pop, neo-soul, dance-pop, latin, female vocalist, colombia",64.6637746114375
"Silk Lingerie,",Kali Uchis,"Sincerely,","indie, bossa nova, indie pop, queen, psychedelic soul, r&b, female vocalist, rnb, neo-soul",69.8520986056019
Territorial,Kali Uchis,"Sincerely,","rnb, reggaeton, latin pop, neo-soul, dance-pop, latin, female vocalist, colombia",64.6637746114375
Territorial,Kali Uchis,"Sincerely,","indie, bossa nova, indie pop, queen, psychedelic soul, r&b, female vocalist, rnb, neo-soul",69.8520986056019
"Fall Apart,",Kali Uchis,"Sincerely,","rnb, reggaeton, latin pop, neo-soul, dance-pop, latin, female vocalist, colombia",64.6637746114375
"Fall Apart,",Kali Uchis,"Sincerely,","indie, bossa nova, indie pop, queen, psychedelic soul, r&b, female vocalist, rnb, neo-soul",69.8520986056019
All I Can Say,Kali Uchis,"Sincerely,","rnb, reggaeton, latin pop, neo-soul, dance-pop, latin, female vocalist, colombia",64.6637746114375
All I Can Say,Kali Uchis,"Sincerely,","indie, bossa nova, indie pop, queen, psychedelic soul, r&b, female vocalist, rnb, neo-soul",69.8520986056019
Daggers!,Kali Uchis,"Sincerely,","rnb, reggaeton, latin pop, neo-soul, dance-pop, latin, female vocalist, colombia",64.6637746114375
Daggers!,Kali Uchis,"Sincerely,","indie, bossa nova, indie pop, queen, psychedelic soul, r&b, female vocalist, rnb, neo-soul",69.8520986056019
Angels All Around Me…,Kali Uchis,"Sincerely,","rnb, reggaeton, latin pop, neo-soul, dance-pop, latin, female vocalist, colombia",64.6637746114375
Angels All Around Me…,Kali Uchis,"Sincerely,","indie, bossa nova, indie pop, queen, psychedelic soul, r&b, female vocalist, rnb, neo-soul",69.8520986056019
Breeze!,Kali Uchis,"Sincerely,","rnb, reggaeton, latin pop, neo-soul, dance-pop, latin, female vocalist, colombia",64.6637746114375
Breeze!,Kali Uchis,"Sincerely,","indie, bossa nova, indie pop, queen, psychedelic soul, r&b, female vocalist, rnb, neo-soul",69.8520986056019
Sunshine & Rain...,Kali Uchis,"Sincerely,","rnb, reggaeton, latin pop, neo-soul, dance-pop, latin, female vocalist, colombia",64.6637746114375
Sunshine & Rain...,Kali Uchis,"Sincerely,","indie, bossa nova, indie pop, queen, psychedelic soul, r&b, female vocalist, rnb, neo-soul",69.8520986056019
ILYSMIH,Kali Uchis,"Sincerely,","rnb, reggaeton, latin pop, neo-soul, dance-pop, latin, female vocalist, colombia",64.6637746114375
ILYSMIH,Kali Uchis,"Sincerely,","indie, bossa nova, indie pop, queen, psychedelic soul, r&b, female vocalist, rnb, neo-soul",69.8520986056019
lemonade,Maren Morris,D R E A M S I C L E,"female vocalist, country, country pop",56.53805048173448
people still show up,Maren Morris,D R E A M S I C L E,"female vocalist, country, country pop",56.53805048173448
cry in the car,Maren Morris,D R E A M S I C L E,"female vocalist, country, country pop",56.53805048173448
cut! (feat. Julia Michaels),"Maren Morris,Julia Michaels",D R E A M S I C L E,"female vocalist, country, country pop",56.53805048173448
bed no breakfast,Maren Morris,D R E A M S I C L E,"female vocalist, country, country pop",56.53805048173448
dreamsicle,Maren Morris,D R E A M S I C L E,"female vocalist, country, country pop",56.53805048173448
i hope i never fall in love,Maren Morris,D R E A M S I C L E,"female vocalist, country, country pop",56.53805048173448
too good,Maren Morris,D R E A M S I C L E,"female vocalist, country, country pop",56.53805048173448
push me over,Maren Morris,D R E A M S I C L E,"female vocalist, country, country pop",56.53805048173448
"because, of course",Maren Morris,D R E A M S I C L E,"female vocalist, country, country pop",56.53805048173448
grand bouquet,Maren Morris,D R E A M S I C L E,"female vocalist, country, country pop",56.53805048173448
this is how a woman leaves,Maren Morris,D R E A M S I C L E,"female vocalist, country, country pop",56.53805048173448
carry me through,Maren Morris,D R E A M S I C L E,"female vocalist, country, country pop",56.53805048173448
holy smoke,Maren Morris,D R E A M S I C L E,"female vocalist, country, country pop",56.53805048173448
Ancient Light,"I'm With Her,Sarah Jarosz,Aoife O'Donovan,Sara Watkins",Wild and Clear and Blue,"female vocalist, folk, acoustic, singer-songwriter, usa, americana, violin, american, trio, indie",81.36980917899594
Wild and Clear and Blue,"I'm With Her,Sarah Jarosz,Aoife O'Donovan,Sara Watkins",Wild and Clear and Blue,"female vocalist, folk, acoustic, singer-songwriter, usa, americana, violin, american, trio, indie",81.36980917899594
Sisters of the Night Watch,"I'm With Her,Sarah Jarosz,Aoife O'Donovan,Sara Watkins",Wild and Clear and Blue,"female vocalist, folk, acoustic, singer-songwriter, usa, americana, violin, american, trio, indie",81.36980917899594
"Different Rocks, Different Hills","I'm With Her,Sarah Jarosz,Aoife O'Donovan,Sara Watkins",Wild and Clear and Blue,"female vocalist, folk, acoustic, singer-songwriter, usa, americana, violin, american, trio, indie",81.36980917899594
Standing on the Fault Line,"I'm With Her,Sarah Jarosz,Aoife O'Donovan,Sara Watkins",Wild and Clear and Blue,"female vocalist, folk, acoustic, singer-songwriter, usa, americana, violin, american, trio, indie",81.36980917899594
Mother Eagle (Sing Me Alive),"I'm With Her,Sarah Jarosz,Aoife O'Donovan,Sara Watkins",Wild and Clear and Blue,"female vocalist, folk, acoustic, singer-songwriter, usa, americana, violin, american, trio, indie",81.36980917899594
Only Daughter,"I'm With Her,Sarah Jarosz,Aoife O'Donovan,Sara Watkins",Wild and Clear and Blue,"female vocalist, folk, acoustic, singer-songwriter, usa, americana, violin, american, trio, indie",81.36980917899594
Find My Way to You,"I'm With Her,Sarah Jarosz,Aoife O'Donovan,Sara Watkins",Wild and Clear and Blue,"female vocalist, folk, acoustic, singer-songwriter, usa, americana, violin, american, trio, indie",81.36980917899594
Strawberry Moonrise,"I'm With Her,Sarah Jarosz,Aoife O'Donovan,Sara Watkins",Wild and Clear and Blue,"female vocalist, folk, acoustic, singer-songwriter, usa, americana, violin, american, trio, indie",81.36980917899594
Year After Year,"I'm With Her,Sarah Jarosz,Aoife O'Donovan,Sara Watkins",Wild and Clear and Blue,"female vocalist, folk, acoustic, singer-songwriter, usa, americana, violin, american, trio, indie",81.36980917899594
Rhododendron,"I'm With Her,Sarah Jarosz,Aoife O'Donovan,Sara Watkins",Wild and Clear and Blue,"female vocalist, folk, acoustic, singer-songwriter, usa, americana, violin, american, trio, indie",81.36980917899594
Love Addict,Caitlin Cannon,Love Addict,country,48.18040832591218
I Wouldn't Say I Love You,Caitlin Cannon,Love Addict,country,48.18040832591218
You're Losing Me,Caitlin Cannon,Love Addict,country,48.18040832591218
Jesus Is My Lover,Caitlin Cannon,Love Addict,country,48.18040832591218
Let It Hurt Some,Caitlin Cannon,Love Addict,country,48.18040832591218
The Impact,Caitlin Cannon,Love Addict,country,48.18040832591218
Dr. Dealer,Caitlin Cannon,Love Addict,country,48.18040832591218
Room 309,Caitlin Cannon,Love Addict,country,48.18040832591218
My Own Company,Caitlin Cannon,Love Addict,country,48.18040832591218
Waiting,Caitlin Cannon,Love Addict,country,48.18040832591218
You Look Like Love,Brandon,Before You Go,"synthwave, rap, hip-hop, retrowave, rnb, game soundtrack, unreal tournament, electronic, hip hop",75.55701842023768
Right Back,Brandon,Before You Go,"synthwave, rap, hip-hop, retrowave, rnb, game soundtrack, unreal tournament, electronic, hip hop",75.55701842023768
Serotonin,Brandon,Before You Go,"synthwave, rap, hip-hop, retrowave, rnb, game soundtrack, unreal tournament, electronic, hip hop",75.55701842023768
2 Good,Brandon,Before You Go,"synthwave, rap, hip-hop, retrowave, rnb, game soundtrack, unreal tournament, electronic, hip hop",75.55701842023768
Incomplete,Brandon,Before You Go,"synthwave, rap, hip-hop, retrowave, rnb, game soundtrack, unreal tournament, electronic, hip hop",75.55701842023768
Miss u,Brandon,Before You Go,"synthwave, rap, hip-hop, retrowave, rnb, game soundtrack, unreal tournament, electronic, hip hop",75.55701842023768
The Sun,Brandon,Before You Go,"synthwave, rap, hip-hop, retrowave, rnb, game soundtrack, unreal tournament, electronic, hip hop",75.55701842023768
September,Brandon,Before You Go,"synthwave, rap, hip-hop, retrowave, rnb, game soundtrack, unreal tournament, electronic, hip hop",75.55701842023768
You,Brandon,Before You Go,"synthwave, rap, hip-hop, retrowave, rnb, game soundtrack, unreal tournament, electronic, hip hop",75.55701842023768
Seeing Stars,Brandon,Before You Go,"synthwave, rap, hip-hop, retrowave, rnb, game soundtrack, unreal tournament, electronic, hip hop",75.55701842023768
Her Too,Brandon,Before You Go,"synthwave, rap, hip-hop, retrowave, rnb, game soundtrack, unreal tournament, electronic, hip hop",75.55701842023768
Off to the Races,Jack Van Cleaf,JVC,"folk, indie, singer-songwriter, indie folk",90.36686291834317
Piñata,Jack Van Cleaf,JVC,"folk, indie, singer-songwriter, indie folk",90.36686291834317
Still,Jack Van Cleaf,JVC,"folk, indie, singer-songwriter, indie folk",90.36686291834317
Rattlesnake (feat. Zach Bryan),"Jack Van Cleaf,Zach Bryan",JVC,"folk, indie, singer-songwriter, indie folk",90.36686291834317
Using You,Jack Van Cleaf,JVC,"folk, indie, singer-songwriter, indie folk",90.36686291834317
"Go Home, Danny",Jack Van Cleaf,JVC,"folk, indie, singer-songwriter, indie folk",90.36686291834317
Shouldn't Have Gone to L.A,Jack Van Cleaf,JVC,"folk, indie, singer-songwriter, indie folk",90.36686291834317
Thinkin' About It,Jack Van Cleaf,JVC,"folk, indie, singer-songwriter, indie folk",90.36686291834317
Green,Jack Van Cleaf,JVC,"folk, indie, singer-songwriter, indie folk",90.36686291834317
Teenage Vampire (feat. Gatlin),"Jack Van Cleaf,Gatlin",JVC,"folk, indie, singer-songwriter, indie folk",90.36686291834317
Smoker,Jack Van Cleaf,JVC,"folk, indie, singer-songwriter, indie folk",90.36686291834317
Hikikomori,Jack Van Cleaf,JVC,"folk, indie, singer-songwriter, indie folk",90.36686291834317
Couch Potato,Jack Van Cleaf,JVC,"folk, indie, singer-songwriter, indie folk",90.36686291834317
Life,Jack Van Cleaf,JVC,"folk, indie, singer-songwriter, indie folk",90.36686291834317
Happy,Maia Friedman,Goodbye Long Winter Shadow,"female vocalist, indie pop, folk, indie rock, acoustic, indie folk, folk pop, yandex music",89.6433902687861
New Flowers,Maia Friedman,Goodbye Long Winter Shadow,"female vocalist, indie pop, folk, indie rock, acoustic, indie folk, folk pop, yandex music",89.6433902687861
In A Dream It Could Happen,Maia Friedman,Goodbye Long Winter Shadow,"female vocalist, indie pop, folk, indie rock, acoustic, indie folk, folk pop, yandex music",89.6433902687861
Iapetus Crater,Maia Friedman,Goodbye Long Winter Shadow,"female vocalist, indie pop, folk, indie rock, acoustic, indie folk, folk pop, yandex music",89.6433902687861
Russian Blue,Maia Friedman,Goodbye Long Winter Shadow,"female vocalist, indie pop, folk, indie rock, acoustic, indie folk, folk pop, yandex music",89.6433902687861
Suppersup,Maia Friedman,Goodbye Long Winter Shadow,"female vocalist, indie pop, folk, indie rock, acoustic, indie folk, folk pop, yandex music",89.6433902687861
A Long Straight Path,Maia Friedman,Goodbye Long Winter Shadow,"female vocalist, indie pop, folk, indie rock, acoustic, indie folk, folk pop, yandex music",89.6433902687861
On Passing,Maia Friedman,Goodbye Long Winter Shadow,"female vocalist, indie pop, folk, indie rock, acoustic, indie folk, folk pop, yandex music",89.6433902687861
Foggy,Maia Friedman,Goodbye Long Winter Shadow,"female vocalist, indie pop, folk, indie rock, acoustic, indie folk, folk pop, yandex music",89.6433902687861
Vessel,Maia Friedman,Goodbye Long Winter Shadow,"female vocalist, indie pop, folk, indie rock, acoustic, indie folk, folk pop, yandex music",89.6433902687861
A Heavenly Body,Maia Friedman,Goodbye Long Winter Shadow,"female vocalist, indie pop, folk, indie rock, acoustic, indie folk, folk pop, yandex music",89.6433902687861
Open Book,Maia Friedman,Goodbye Long Winter Shadow,"female vocalist, indie pop, folk, indie rock, acoustic, indie folk, folk pop, yandex music",89.6433902687861
Soft Pall Soft Hue,Maia Friedman,Goodbye Long Winter Shadow,"female vocalist, indie pop, folk, indie rock, acoustic, indie folk, folk pop, yandex music",89.6433902687861
Shape Is Your Own,Maia Friedman,Goodbye Long Winter Shadow,"female vocalist, indie pop, folk, indie rock, acoustic, indie folk, folk pop, yandex music",89.6433902687861
Witness,Maia Friedman,Goodbye Long Winter Shadow,"female vocalist, indie pop, folk, indie rock, acoustic, indie folk, folk pop, yandex music",89.6433902687861
Intro,Spacey Jane,If That Makes Sense,"indie rock, indie, pop",93.72520234625006
Intro,Spacey Jane,If That Makes Sense,"indie rock, indie, pop, rock, indie pop, australian, garage, australia, garage rock, surf rock",83.17951059476619
Through My Teeth,Spacey Jane,If That Makes Sense,"indie rock, indie, pop",93.72520234625006
Through My Teeth,Spacey Jane,If That Makes Sense,"indie rock, indie, pop, rock, indie pop, australian, garage, australia, garage rock, surf rock",83.17951059476619
Whateverrrr,Spacey Jane,If That Makes Sense,"indie rock, indie, pop",93.72520234625006
Whateverrrr,Spacey Jane,If That Makes Sense,"indie rock, indie, pop, rock, indie pop, australian, garage, australia, garage rock, surf rock",83.17951059476619
All the Noise,Spacey Jane,If That Makes Sense,"indie rock, indie, pop",93.72520234625006
All the Noise,Spacey Jane,If That Makes Sense,"indie rock, indie, pop, rock, indie pop, australian, garage, australia, garage rock, surf rock",83.17951059476619
Impossible to Say,Spacey Jane,If That Makes Sense,"indie rock, indie, pop",93.72520234625006
Impossible to Say,Spacey Jane,If That Makes Sense,"indie rock, indie, pop, rock, indie pop, australian, garage, australia, garage rock, surf rock",83.17951059476619
How to Kill Houseplants,Spacey Jane,If That Makes Sense,"indie rock, indie, pop",93.72520234625006
How to Kill Houseplants,Spacey Jane,If That Makes Sense,"indie rock, indie, pop, rock, indie pop, australian, garage, australia, garage rock, surf rock",83.17951059476619
I Can’t Afford to Lose You,Spacey Jane,If That Makes Sense,"indie rock, indie, pop",93.72520234625006
I Can’t Afford to Lose You,Spacey Jane,If That Makes Sense,"indie rock, indie, pop, rock, indie pop, australian, garage, australia, garage rock, surf rock",83.17951059476619
So Much Taller,Spacey Jane,If That Makes Sense,"indie rock, indie, pop",93.72520234625006
So Much Taller,Spacey Jane,If That Makes Sense,"indie rock, indie, pop, rock, indie pop, australian, garage, australia, garage rock, surf rock",83.17951059476619
The More That it Hurts,Spacey Jane,If That Makes Sense,"indie rock, indie, pop",93.72520234625006
The More That it Hurts,Spacey Jane,If That Makes Sense,"indie rock, indie, pop, rock, indie pop, australian, garage, australia, garage rock, surf rock",83.17951059476619
Estimated Delivery,Spacey Jane,If That Makes Sense,"indie rock, indie, pop",93.72520234625006
Estimated Delivery,Spacey Jane,If That Makes Sense,"indie rock, indie, pop, rock, indie pop, australian, garage, australia, garage rock, surf rock",83.17951059476619
Falling Apart,Spacey Jane,If That Makes Sense,"indie rock, indie, pop",93.72520234625006
Falling Apart,Spacey Jane,If That Makes Sense,"indie rock, indie, pop, rock, indie pop, australian, garage, australia, garage rock, surf rock",83.17951059476619
Ily the Most,Spacey Jane,If That Makes Sense,"indie rock, indie, pop",93.72520234625006
Ily the Most,Spacey Jane,If That Makes Sense,"indie rock, indie, pop, rock, indie pop, australian, garage, australia, garage rock, surf rock",83.17951059476619
August,Spacey Jane,If That Makes Sense,"indie rock, indie, pop",93.72520234625006
August,Spacey Jane,If That Makes Sense,"indie rock, indie, pop, rock, indie pop, australian, garage, australia, garage rock, surf rock",83.17951059476619
Junebug,The Wonder Years,Burst & Decay (Volume III),"alternative rock, emo, pop punk, melodic hardcore, alternative emo, punk, beardcore, melodic punk",71.1699361127858
Junebug,The Wonder Years,Burst & Decay (Volume III),"pop punk, melodic hardcore, punk, beardcore, melodic punk, easycore, punk rock, hardcore, pop-punk, emo",61.573848441455766
Came Out Swinging (feat. Joe Taylor of Knuckle Puck),"The Wonder Years,Knuckle Puck,Little Kruta",Burst & Decay (Volume III),"alternative rock, emo, pop punk, melodic hardcore, alternative emo, punk, beardcore, melodic punk",71.1699361127858
Came Out Swinging (feat. Joe Taylor of Knuckle Puck),"The Wonder Years,Knuckle Puck,Little Kruta",Burst & Decay (Volume III),"pop punk, melodic hardcore, punk, beardcore, melodic punk, easycore, punk rock, hardcore, pop-punk, emo",61.573848441455766
Oldest Daughter (feat. Zayna Youssef of Sweet Pill),"The Wonder Years,Zayna Youssef,Little Kruta",Burst & Decay (Volume III),"alternative rock, emo, pop punk, melodic hardcore, alternative emo, punk, beardcore, melodic punk",71.1699361127858
Oldest Daughter (feat. Zayna Youssef of Sweet Pill),"The Wonder Years,Zayna Youssef,Little Kruta",Burst & Decay (Volume III),"pop punk, melodic hardcore, punk, beardcore, melodic punk, easycore, punk rock, hardcore, pop-punk, emo",61.573848441455766
Wyatt's Interlude,"The Wonder Years,Little Kruta",Burst & Decay (Volume III),"alternative rock, emo, pop punk, melodic hardcore, alternative emo, punk, beardcore, melodic punk",71.1699361127858
Wyatt's Interlude,"The Wonder Years,Little Kruta",Burst & Decay (Volume III),"pop punk, melodic hardcore, punk, beardcore, melodic punk, easycore, punk rock, hardcore, pop-punk, emo",61.573848441455766
Wyatt's Song (Your Name),"The Wonder Years,Little Kruta",Burst & Decay (Volume III),"alternative rock, emo, pop punk, melodic hardcore, alternative emo, punk, beardcore, melodic punk",71.1699361127858
Wyatt's Song (Your Name),"The Wonder Years,Little Kruta",Burst & Decay (Volume III),"pop punk, melodic hardcore, punk, beardcore, melodic punk, easycore, punk rock, hardcore, pop-punk, emo",61.573848441455766
Teenage Parents,"The Wonder Years,Little Kruta",Burst & Decay (Volume III),"alternative rock, emo, pop punk, melodic hardcore, alternative emo, punk, beardcore, melodic punk",71.1699361127858
Teenage Parents,"The Wonder Years,Little Kruta",Burst & Decay (Volume III),"pop punk, melodic hardcore, punk, beardcore, melodic punk, easycore, punk rock, hardcore, pop-punk, emo",61.573848441455766
I Don't Like Who I Was Then (feat. Ryland Heagy of Origami Angel),"The Wonder Years,Origami Angel,Little Kruta",Burst & Decay (Volume III),"alternative rock, emo, pop punk, melodic hardcore, alternative emo, punk, beardcore, melodic punk",71.1699361127858
I Don't Like Who I Was Then (feat. Ryland Heagy of Origami Angel),"The Wonder Years,Origami Angel,Little Kruta",Burst & Decay (Volume III),"pop punk, melodic hardcore, punk, beardcore, melodic punk, easycore, punk rock, hardcore, pop-punk, emo",61.573848441455766
The Ocean Grew Hands To Hold Me,"The Wonder Years,Little Kruta",Burst & Decay (Volume III),"alternative rock, emo, pop punk, melodic hardcore, alternative emo, punk, beardcore, melodic punk",71.1699361127858
The Ocean Grew Hands To Hold Me,"The Wonder Years,Little Kruta",Burst & Decay (Volume III),"pop punk, melodic hardcore, punk, beardcore, melodic punk, easycore, punk rock, hardcore, pop-punk, emo",61.573848441455766
Doors I Painted Shut,The Wonder Years,Burst & Decay (Volume III),"alternative rock, emo, pop punk, melodic hardcore, alternative emo, punk, beardcore, melodic punk",71.1699361127858
Doors I Painted Shut,The Wonder Years,Burst & Decay (Volume III),"pop punk, melodic hardcore, punk, beardcore, melodic punk, easycore, punk rock, hardcore, pop-punk, emo",61.573848441455766
Look To Windward,Sleep Token,Even In Arcadia,"worship, progressive metal, alternative metal, progressive rock",46.457388493562505
Emergence,Sleep Token,Even In Arcadia,"worship, progressive metal, alternative metal, progressive rock",46.457388493562505
Past Self,Sleep Token,Even In Arcadia,"worship, progressive metal, alternative metal, progressive rock",46.457388493562505
Dangerous,Sleep Token,Even In Arcadia,"worship, progressive metal, alternative metal, progressive rock",46.457388493562505
Caramel,Sleep Token,Even In Arcadia,"worship, progressive metal, alternative metal, progressive rock",46.457388493562505
Even In Arcadia,Sleep Token,Even In Arcadia,"worship, progressive metal, alternative metal, progressive rock",46.457388493562505
Provider,Sleep Token,Even In Arcadia,"worship, progressive metal, alternative metal, progressive rock",46.457388493562505
Damocles,Sleep Token,Even In Arcadia,"worship, progressive metal, alternative metal, progressive rock",46.457388493562505
Gethsemane,Sleep Token,Even In Arcadia,"worship, progressive metal, alternative metal, progressive rock",46.457388493562505
Infinite Baths,Sleep Token,Even In Arcadia,"worship, progressive metal, alternative metal, progressive rock",46.457388493562505
Open Your Heart or Die Trying,Arcade Fire,Pink Elephant,"female vocalist, indie rock, indie",93.61541773842958
Open Your Heart or Die Trying,Arcade Fire,Pink Elephant,"indie rock, disco, indie, alternative rock, arcade fire, new wave, soft rock, canadian, art rock",81.7329699460362
Open Your Heart or Die Trying,Arcade Fire,Pink Elephant,"indie, rock, indie rock, canadian, ai",88.21212034268974
Open Your Heart or Die Trying,Arcade Fire,Pink Elephant,"indie rock, indie, alternative dance, favourite albums, female vocalist, folk",87.14732840448748
Open Your Heart or Die Trying,Arcade Fire,Pink Elephant,"indie, rock, indie rock, canada, candian",88.41879652368478
Pink Elephant,Arcade Fire,Pink Elephant,"female vocalist, indie rock, indie",93.61541773842958
Pink Elephant,Arcade Fire,Pink Elephant,"indie rock, disco, indie, alternative rock, arcade fire, new wave, soft rock, canadian, art rock",81.7329699460362
Pink Elephant,Arcade Fire,Pink Elephant,"indie, rock, indie rock, canadian, ai",88.21212034268974
Pink Elephant,Arcade Fire,Pink Elephant,"indie rock, indie, alternative dance, favourite albums, female vocalist, folk",87.14732840448748
Pink Elephant,Arcade Fire,Pink Elephant,"indie, rock, indie rock, canada, candian",88.41879652368478
Year of the Snake,Arcade Fire,Pink Elephant,"female vocalist, indie rock, indie",93.61541773842958
Year of the Snake,Arcade Fire,Pink Elephant,"indie rock, disco, indie, alternative rock, arcade fire, new wave, soft rock, canadian, art rock",81.7329699460362
Year of the Snake,Arcade Fire,Pink Elephant,"indie, rock, indie rock, canadian, ai",88.21212034268974
Year of the Snake,Arcade Fire,Pink Elephant,"indie rock, indie, alternative dance, favourite albums, female vocalist, folk",87.14732840448748
Year of the Snake,Arcade Fire,Pink Elephant,"indie, rock, indie rock, canada, candian",88.41879652368478
Circle of Trust,Arcade Fire,Pink Elephant,"female vocalist, indie rock, indie",93.61541773842958
Circle of Trust,Arcade Fire,Pink Elephant,"indie rock, disco, indie, alternative rock, arcade fire, new wave, soft rock, canadian, art rock",81.7329699460362
Circle of Trust,Arcade Fire,Pink Elephant,"indie, rock, indie rock, canadian, ai",88.21212034268974
Circle of Trust,Arcade Fire,Pink Elephant,"indie rock, indie, alternative dance, favourite albums, female vocalist, folk",87.14732840448748
Circle of Trust,Arcade Fire,Pink Elephant,"indie, rock, indie rock, canada, candian",88.41879652368478
Alien Nation,Arcade Fire,Pink Elephant,"female vocalist, indie rock, indie",93.61541773842958
Alien Nation,Arcade Fire,Pink Elephant,"indie rock, disco, indie, alternative rock, arcade fire, new wave, soft rock, canadian, art rock",81.7329699460362
Alien Nation,Arcade Fire,Pink Elephant,"indie, rock, indie rock, canadian, ai",88.21212034268974
Alien Nation,Arcade Fire,Pink Elephant,"indie rock, indie, alternative dance, favourite albums, female vocalist, folk",87.14732840448748
Alien Nation,Arcade Fire,Pink Elephant,"indie, rock, indie rock, canada, candian",88.41879652368478
Beyond Salvation,Arcade Fire,Pink Elephant,"female vocalist, indie rock, indie",93.61541773842958
Beyond Salvation,Arcade Fire,Pink Elephant,"indie rock, disco, indie, alternative rock, arcade fire, new wave, soft rock, canadian, art rock",81.7329699460362
Beyond Salvation,Arcade Fire,Pink Elephant,"indie, rock, indie rock, canadian, ai",88.21212034268974
Beyond Salvation,Arcade Fire,Pink Elephant,"indie rock, indie, alternative dance, favourite albums, female vocalist, folk",87.14732840448748
Beyond Salvation,Arcade Fire,Pink Elephant,"indie, rock, indie rock, canada, candian",88.41879652368478
Ride or Die,Arcade Fire,Pink Elephant,"female vocalist, indie rock, indie",93.61541773842958
Ride or Die,Arcade Fire,Pink Elephant,"indie rock, disco, indie, alternative rock, arcade fire, new wave, soft rock, canadian, art rock",81.7329699460362
Ride or Die,Arcade Fire,Pink Elephant,"indie, rock, indie rock, canadian, ai",88.21212034268974
Ride or Die,Arcade Fire,Pink Elephant,"indie rock, indie, alternative dance, favourite albums, female vocalist, folk",87.14732840448748
Ride or Die,Arcade Fire,Pink Elephant,"indie, rock, indie rock, canada, candian",88.41879652368478
I Love Her Shadow,Arcade Fire,Pink Elephant,"female vocalist, indie rock, indie",93.61541773842958
I Love Her Shadow,Arcade Fire,Pink Elephant,"indie rock, disco, indie, alternative rock, arcade fire, new wave, soft rock, canadian, art rock",81.7329699460362
I Love Her Shadow,Arcade Fire,Pink Elephant,"indie, rock, indie rock, canadian, ai",88.21212034268974
I Love Her Shadow,Arcade Fire,Pink Elephant,"indie rock, indie, alternative dance, favourite albums, female vocalist, folk",87.14732840448748
I Love Her Shadow,Arcade Fire,Pink Elephant,"indie, rock, indie rock, canada, candian",88.41879652368478
She Cries Diamond Rain,Arcade Fire,Pink Elephant,"female vocalist, indie rock, indie",93.61541773842958
She Cries Diamond Rain,Arcade Fire,Pink Elephant,"indie rock, disco, indie, alternative rock, arcade fire, new wave, soft rock, canadian, art rock",81.7329699460362
She Cries Diamond Rain,Arcade Fire,Pink Elephant,"indie, rock, indie rock, canadian, ai",88.21212034268974
She Cries Diamond Rain,Arcade Fire,Pink Elephant,"indie rock, indie, alternative dance, favourite albums, female vocalist, folk",87.14732840448748
She Cries Diamond Rain,Arcade Fire,Pink Elephant,"indie, rock, indie rock, canada, candian",88.41879652368478
Stuck in my Head,Arcade Fire,Pink Elephant,"female vocalist, indie rock, indie",93.61541773842958
Stuck in my Head,Arcade Fire,Pink Elephant,"indie rock, disco, indie, alternative rock, arcade fire, new wave, soft rock, canadian, art rock",81.7329699460362
Stuck in my Head,Arcade Fire,Pink Elephant,"indie, rock, indie rock, canadian, ai",88.21212034268974
Stuck in my Head,Arcade Fire,Pink Elephant,"indie rock, indie, alternative dance, favourite albums, female vocalist, folk",87.14732840448748
Stuck in my Head,Arcade Fire,Pink Elephant,"indie, rock, indie rock, canada, candian",88.41879652368478
Ill at Ease,Preoccupations,Ill at Ease,"post-punk, noise rock, art punk, crank wave, canadian, new wave, art rock, canada, indie rock, indie",77.35779134683823
Storm In My Brain,Deradoorian,Ready for Heaven,"female vocalist, psychedelic, lo-fi, indie rock, alternative, indie, indie pop, armenian, usa, acoustic",76.70451280610806
Any Other World,Deradoorian,Ready for Heaven,"female vocalist, psychedelic, lo-fi, indie rock, alternative, indie, indie pop, armenian, usa, acoustic",76.70451280610806
No No Yes Yes,Deradoorian,Ready for Heaven,"female vocalist, psychedelic, lo-fi, indie rock, alternative, indie, indie pop, armenian, usa, acoustic",76.70451280610806
Digital Gravestone,Deradoorian,Ready for Heaven,"female vocalist, psychedelic, lo-fi, indie rock, alternative, indie, indie pop, armenian, usa, acoustic",76.70451280610806
Set Me Free,Deradoorian,Ready for Heaven,"female vocalist, psychedelic, lo-fi, indie rock, alternative, indie, indie pop, armenian, usa, acoustic",76.70451280610806
Golden Teachers,Deradoorian,Ready for Heaven,"female vocalist, psychedelic, lo-fi, indie rock, alternative, indie, indie pop, armenian, usa, acoustic",76.70451280610806
Purgatory of Consciousness,Deradoorian,Ready for Heaven,"female vocalist, psychedelic, lo-fi, indie rock, alternative, indie, indie pop, armenian, usa, acoustic",76.70451280610806
Reigning Down,Deradoorian,Ready for Heaven,"female vocalist, psychedelic, lo-fi, indie rock, alternative, indie, indie pop, armenian, usa, acoustic",76.70451280610806
Hell Island,Deradoorian,Ready for Heaven,"female vocalist, psychedelic, lo-fi, indie rock, alternative, indie, indie pop, armenian, usa, acoustic",76.70451280610806
Jumpscare,"billy woods,Steel Tipped Dove",GOLLIWOG,"hip-hop, rap, hip hop, underground rap, abstract hip hop, experimental hip hop, underground hip-hop, jazz rap, conscious hip hop",71.50704089443674
STAR87,"billy woods,Conductor Williams",GOLLIWOG,"hip-hop, rap, hip hop, underground rap, abstract hip hop, experimental hip hop, underground hip-hop, jazz rap, conscious hip hop",71.50704089443674
Misery,"billy woods,Kenny Segal",GOLLIWOG,"hip-hop, rap, hip hop, underground rap, abstract hip hop, experimental hip hop, underground hip-hop, jazz rap, conscious hip hop",71.50704089443674
BLK XMAS,"billy woods,Bruiser Wolf,SadhuGold",GOLLIWOG,"hip-hop, rap, hip hop, underground rap, abstract hip hop, experimental hip hop, underground hip-hop, jazz rap, conscious hip hop",71.50704089443674
Waterproof Mascara,"billy woods,Preservation",GOLLIWOG,"hip-hop, rap, hip hop, underground rap, abstract hip hop, experimental hip hop, underground hip-hop, jazz rap, conscious hip hop",71.50704089443674
Counterclockwise,"billy woods,The Alchemist",GOLLIWOG,"hip-hop, rap, hip hop, underground rap, abstract hip hop, experimental hip hop, underground hip-hop, jazz rap, conscious hip hop",71.50704089443674
Corinthians,"billy woods,Despot,El-P",GOLLIWOG,"hip-hop, rap, hip hop, underground rap, abstract hip hop, experimental hip hop, underground hip-hop, jazz rap, conscious hip hop",71.50704089443674
Pitchforks & Halos,"billy woods,Kenny Segal",GOLLIWOG,"hip-hop, rap, hip hop, underground rap, abstract hip hop, experimental hip hop, underground hip-hop, jazz rap, conscious hip hop",71.50704089443674
All These Worlds Are Yours,"billy woods,E L U C I D,DJ Haram,Shabaka Hutchings",GOLLIWOG,"hip-hop, rap, hip hop, underground rap, abstract hip hop, experimental hip hop, underground hip-hop, jazz rap, conscious hip hop",71.50704089443674
Maquiladoras,"billy woods,al.divino,Saint Abdullah",GOLLIWOG,"hip-hop, rap, hip hop, underground rap, abstract hip hop, experimental hip hop, underground hip-hop, jazz rap, conscious hip hop",71.50704089443674
A Doll Fulla Pins,"billy woods,Yolanda Watson,Jeff Markey,Messiah Musik",GOLLIWOG,"hip-hop, rap, hip hop, underground rap, abstract hip hop, experimental hip hop, underground hip-hop, jazz rap, conscious hip hop",71.50704089443674
Golgotha,"billy woods,Messiah Musik",GOLLIWOG,"hip-hop, rap, hip hop, underground rap, abstract hip hop, experimental hip hop, underground hip-hop, jazz rap, conscious hip hop",71.50704089443674
Cold Sweat,"billy woods,Ant",GOLLIWOG,"hip-hop, rap, hip hop, underground rap, abstract hip hop, experimental hip hop, underground hip-hop, jazz rap, conscious hip hop",71.50704089443674
BLK ZMBY,"billy woods,Steel Tipped Dove",GOLLIWOG,"hip-hop, rap, hip hop, underground rap, abstract hip hop, experimental hip hop, underground hip-hop, jazz rap, conscious hip hop",71.50704089443674
Make No Mistake,"billy woods,Messiah Musik",GOLLIWOG,"hip-hop, rap, hip hop, underground rap, abstract hip hop, experimental hip hop, underground hip-hop, jazz rap, conscious hip hop",71.50704089443674
Born Alone,"billy woods,Kenny Segal",GOLLIWOG,"hip-hop, rap, hip hop, underground rap, abstract hip hop, experimental hip hop, underground hip-hop, jazz rap, conscious hip hop",71.50704089443674
Lead Paint Test,"billy woods,E L U C I D,Cavalier,Willie Green",GOLLIWOG,"hip-hop, rap, hip hop, underground rap, abstract hip hop, experimental hip hop, underground hip-hop, jazz rap, conscious hip hop",71.50704089443674
Dislocated,"billy woods,E L U C I D,Human Error Club",GOLLIWOG,"hip-hop, rap, hip hop, underground rap, abstract hip hop, experimental hip hop, underground hip-hop, jazz rap, conscious hip hop",71.50704089443674
"Alexa, What Is There To Know About Love?","Brian Bilston,The Catenary Wires",Sounds Made By Humans,jangle pop,100.0
The Interview,"Brian Bilston,The Catenary Wires",Sounds Made By Humans,jangle pop,100.0
Every Song On The Radio Reminds Me Of You,"Brian Bilston,The Catenary Wires",Sounds Made By Humans,jangle pop,100.0
"Might Have, Might Not Have","Brian Bilston,The Catenary Wires",Sounds Made By Humans,jangle pop,100.0
To Do List,"Brian Bilston,The Catenary Wires",Sounds Made By Humans,jangle pop,100.0
Compilation Cassette,"Brian Bilston,The Catenary Wires",Sounds Made By Humans,jangle pop,100.0
Out Of The Rain,"Brian Bilston,The Catenary Wires",Sounds Made By Humans,jangle pop,100.0
31 Rules For Midlife Rebellion,"Brian Bilston,The Catenary Wires",Sounds Made By Humans,jangle pop,100.0
As I Grow Old I Will March Not Shuffle,"Brian Bilston,The Catenary Wires",Sounds Made By Humans,jangle pop,100.0
She'd Dance,"Brian Bilston,The Catenary Wires",Sounds Made By Humans,jangle pop,100.0
My Heart Is A Lump Of Rock,"Brian Bilston,The Catenary Wires",Sounds Made By Humans,jangle pop,100.0
Thou Shalt Not Commit Adulting,"Brian Bilston,The Catenary Wires",Sounds Made By Humans,jangle pop,100.0
Anything Like Myself,Tetrarch,The Ugly Side of Me,"nu metal, metalcore, alternative metal, nu metalcore, nu-metal, metal, melodic metalcore, heavy metal, rock, alternative",36.670135725417325
Never Again (Parasite),Tetrarch,The Ugly Side of Me,"nu metal, metalcore, alternative metal, nu metalcore, nu-metal, metal, melodic metalcore, heavy metal, rock, alternative",36.670135725417325
Live Not Fantasize,Tetrarch,The Ugly Side of Me,"nu metal, metalcore, alternative metal, nu metalcore, nu-metal, metal, melodic metalcore, heavy metal, rock, alternative",36.670135725417325
Erase,Tetrarch,The Ugly Side of Me,"nu metal, metalcore, alternative metal, nu metalcore, nu-metal, metal, melodic metalcore, heavy metal, rock, alternative",36.670135725417325
The Only Thing I've Got,Tetrarch,The Ugly Side of Me,"nu metal, metalcore, alternative metal, nu metalcore, nu-metal, metal, melodic metalcore, heavy metal, rock, alternative",36.670135725417325
Best of Luck,Tetrarch,The Ugly Side of Me,"nu metal, metalcore, alternative metal, nu metalcore, nu-metal, metal, melodic metalcore, heavy metal, rock, alternative",36.670135725417325
Crawl,Tetrarch,The Ugly Side of Me,"nu metal, metalcore, alternative metal, nu metalcore, nu-metal, metal, melodic metalcore, heavy metal, rock, alternative",36.670135725417325
Cold,Tetrarch,The Ugly Side of Me,"nu metal, metalcore, alternative metal, nu metalcore, nu-metal, metal, melodic metalcore, heavy metal, rock, alternative",36.670135725417325
Headspace,Tetrarch,The Ugly Side of Me,"nu metal, metalcore, alternative metal, nu metalcore, nu-metal, metal, melodic metalcore, heavy metal, rock, alternative",36.670135725417325
The Ugly Side of Me,Tetrarch,The Ugly Side of Me,"nu metal, metalcore, alternative metal, nu metalcore, nu-metal, metal, melodic metalcore, heavy metal, rock, alternative",36.670135725417325
B12,Jlin,Planet Mu 30,"female vocalist, footwork, juke, electronic, experimental, idm, usa, indiana, all, american",62.36802373816248
Drums,Venetian Snares,Planet Mu 30,"breakcore, idm, electronic, experimental, electronica, noise, glitch, canadian, drill n bass, industrial",52.28218016119016
Ace Boogie,Traxman,Planet Mu 30,"footwork, juke, electronic, chicago, bass, hip-hop, experimental, all, ghetto house, teklife",65.6545807220054
Worrygirl,Nondi_,Planet Mu 30,"footwork, juke, experimental, electronic, idm, american, breakcore, experimental techno, techno, dreamy",53.988301344448175
Usually I'm Cautious,FaltyDL,Planet Mu 30,"dubstep, electronic, future garage, idm, uk garage, garage, planet mu, wonky, experimental",60.34222845604943
Mind Game,REV,Planet Mu 30,"female vocalist, psytrance, psychedelic, doof records, darkpsy, pop rock italiano, pop rock, psy-trance, psychedelic trance, j-pop",65.60513145134365
Living In The Memory,BAE BAE,Planet Mu 30,"bass, los angeles, kuduro, funk carioca, baile funk, batida",70.77568548413183
Dysentery,Ship Sket,Planet Mu 30,"post-dubstep, deconstructed club",75.04764542523631
Foli,Slikback,Planet Mu 30,"deconstructed club, electronic, kenya, experimental, bass, power noise, gqom, noise, idm, uk bass",50.199394804508685
Imperial Crescent VIP,µ-Ziq,Planet Mu 30,"idm, electronic, experimental, ambient, electronica, drum and bass, techno, warp, breakcore, planet mu",47.051692355335916
No Return 2,RP Boo,Planet Mu 30,"footwork, juke, electronic, chicago, american, all, teklife, electronica, experimental, dubstep",69.27408725111802
Smooth Jungle,DJ Manny,Planet Mu 30,"juke, footwork, electronic, chicago, hip-hop, usa, underground hip-hop, hyperdub, all, baltimore club",76.35966812838646
Victorian All-Rounder,"Saint Abdullah,Eomac,LAIR",Planet Mu 30,"noise, experimental, sound collage, iran, field recordings, post-industrial, electronic, ambient, deconstructed club, dub",47.94882588602861
A Tough Design - Demo,Nik Colk Void,Planet Mu 30,"noise, electronic, experimental, techno, avant-garde, female, uk, glitch, avantgarde, drone ambient",45.03537279344954
Battle Zone,DJ Elmoe,Planet Mu 30,"juke, footwork, electronic, chicago, idm, all, newbreed, experimental, american, male vocalists",65.19908543782105
Stillness Of Man,Meemo Comma,Planet Mu 30,"ambient, techno, experimental, electronic, electronica, minimal, idm, drone, field recordings, non-binary",40.283308855254816
Kuna,Herva,Planet Mu 30,"electronic, techno, pop, rock, ambient, indie pop, indie electronic, chillout, electronica",60.58133676036637
Nevada,Xylitol,Planet Mu 30,"minimal synth, electro, electronic, punk, hardcore punk, electronica, british, hardcore, idm, jungle",61.46133566103596
Heat Seeker,Ital Tek,Planet Mu 30,"dubstep, idm, electronic, experimental, breakcore, planet mu, electronica, ambient, british, bass",56.140664789030346
Sonological Hubris,Speaker Music,Planet Mu 30,"experimental, electronic, techno, idm, musique concrete, instrumental, bass, glitch, american, planet mu",47.448365473639846
Cruisin' On Lake Shore Drive,Jana Rush,Planet Mu 30,"footwork, juke, electronic, chicago, experimental, usa, techno, gehtto",53.16678781812712
Bonito Applebum,DJ Girl,Planet Mu 30,"electronic, techno, electro, experimental, usa, minimal, bass, dub techno, detroit, ghettotech",55.36604487664934
Bullet Drop,Luke Vibert,Planet Mu 30,"idm, electronic, acid, trip-hop, electronica, ninja tune, warp, techno, ambient, electro",50.11086349920387
Quantum Flirt,"James Krivchenia,Sam Wilkes",Planet Mu 30,"ambient, electronic, experimental, indie, big thief",54.612087367904344
Quantum Flirt,"James Krivchenia,Sam Wilkes",Planet Mu 30,"ambient, electronic, experimental, indie, big thief",54.612087367904344
Another Future Is Impossible,Rian Treanor,Planet Mu 30,"idm, glitch, electronic, juke, experimental, abstract, electro, techno, bass, synthpop",50.9677930834122
Limosine,THE BOBBY LEES,Beauty Pageant,"female vocalist, garage rock, punk, rock, american, punk rock, usa, blues, blues rock, rock n roll",70.64401627494298
Ragged Way,THE BOBBY LEES,Beauty Pageant,"female vocalist, garage rock, punk, rock, american, punk rock, usa, blues, blues rock, rock n roll",70.64401627494298
Radiator,THE BOBBY LEES,Beauty Pageant,"female vocalist, garage rock, punk, rock, american, punk rock, usa, blues, blues rock, rock n roll",70.64401627494298
Lunchbox,THE BOBBY LEES,Beauty Pageant,"female vocalist, garage rock, punk, rock, american, punk rock, usa, blues, blues rock, rock n roll",70.64401627494298
Lose It Alright,THE BOBBY LEES,Beauty Pageant,"female vocalist, garage rock, punk, rock, american, punk rock, usa, blues, blues rock, rock n roll",70.64401627494298
Bobby Lee,THE BOBBY LEES,Beauty Pageant,"female vocalist, garage rock, punk, rock, american, punk rock, usa, blues, blues rock, rock n roll",70.64401627494298
Deem 'em Dead,THE BOBBY LEES,Beauty Pageant,"female vocalist, garage rock, punk, rock, american, punk rock, usa, blues, blues rock, rock n roll",70.64401627494298
Mad Moth,THE BOBBY LEES,Beauty Pageant,"female vocalist, garage rock, punk, rock, american, punk rock, usa, blues, blues rock, rock n roll",70.64401627494298
Disappear,THE BOBBY LEES,Beauty Pageant,"female vocalist, garage rock, punk, rock, american, punk rock, usa, blues, blues rock, rock n roll",70.64401627494298
Jitterbug Perfume,THE BOBBY LEES,Beauty Pageant,"female vocalist, garage rock, punk, rock, american, punk rock, usa, blues, blues rock, rock n roll",70.64401627494298
To Ease You,Men I Trust,Equus Caballus,"female vocalist, dream pop, indie",85.17410724880554
To Ease You,Men I Trust,Equus Caballus,"disco, female vocalist, dream pop, indie pop",83.07413346100336
Come Back Down,Men I Trust,Equus Caballus,"female vocalist, dream pop, indie",85.17410724880554
Come Back Down,Men I Trust,Equus Caballus,"disco, female vocalist, dream pop, indie pop",83.07413346100336
Hard To See,Men I Trust,Equus Caballus,"female vocalist, dream pop, indie",85.17410724880554
Hard To See,Men I Trust,Equus Caballus,"disco, female vocalist, dream pop, indie pop",83.07413346100336
Ring Of Past (2025),Men I Trust,Equus Caballus,"female vocalist, dream pop, indie",85.17410724880554
Ring Of Past (2025),Men I Trust,Equus Caballus,"disco, female vocalist, dream pop, indie pop",83.07413346100336
Another Stone,Men I Trust,Equus Caballus,"female vocalist, dream pop, indie",85.17410724880554
Another Stone,Men I Trust,Equus Caballus,"disco, female vocalist, dream pop, indie pop",83.07413346100336
Husk (2025),Men I Trust,Equus Caballus,"female vocalist, dream pop, indie",85.17410724880554
Husk (2025),Men I Trust,Equus Caballus,"disco, female vocalist, dream pop, indie pop",83.07413346100336
Carried Away,Men I Trust,Equus Caballus,"female vocalist, dream pop, indie",85.17410724880554
Carried Away,Men I Trust,Equus Caballus,"disco, female vocalist, dream pop, indie pop",83.07413346100336
Where I Sit,Men I Trust,Equus Caballus,"female vocalist, dream pop, indie",85.17410724880554
Where I Sit,Men I Trust,Equus Caballus,"disco, female vocalist, dream pop, indie pop",83.07413346100336
In My Years,Men I Trust,Equus Caballus,"female vocalist, dream pop, indie",85.17410724880554
In My Years,Men I Trust,Equus Caballus,"disco, female vocalist, dream pop, indie pop",83.07413346100336
Billie Toppy (2025),Men I Trust,Equus Caballus,"female vocalist, dream pop, indie",85.17410724880554
Billie Toppy (2025),Men I Trust,Equus Caballus,"disco, female vocalist, dream pop, indie pop",83.07413346100336
The Better Half,Men I Trust,Equus Caballus,"female vocalist, dream pop, indie",85.17410724880554
The Better Half,Men I Trust,Equus Caballus,"disco, female vocalist, dream pop, indie pop",83.07413346100336
Worn Down,Men I Trust,Equus Caballus,"female vocalist, dream pop, indie",85.17410724880554
Worn Down,Men I Trust,Equus Caballus,"disco, female vocalist, dream pop, indie pop",83.07413346100336
Eris (Wait),Men I Trust,Equus Caballus,"female vocalist, dream pop, indie",85.17410724880554
Eris (Wait),Men I Trust,Equus Caballus,"disco, female vocalist, dream pop, indie pop",83.07413346100336
Initiate Sequence 01,f5ve,SEQUENCE 01,"j-pop, japanese, electropop, jpop, pop, dance-pop, trap, pop rap, japanese pop",74.2490528793004
Underground,f5ve,SEQUENCE 01,"j-pop, japanese, electropop, jpop, pop, dance-pop, trap, pop rap, japanese pop",74.2490528793004
Magic Clock,f5ve,SEQUENCE 01,"j-pop, japanese, electropop, jpop, pop, dance-pop, trap, pop rap, japanese pop",74.2490528793004
UFO,f5ve,SEQUENCE 01,"j-pop, japanese, electropop, jpop, pop, dance-pop, trap, pop rap, japanese pop",74.2490528793004
Firetruck,f5ve,SEQUENCE 01,"j-pop, japanese, electropop, jpop, pop, dance-pop, trap, pop rap, japanese pop",74.2490528793004
Lettuce,f5ve,SEQUENCE 01,"j-pop, japanese, electropop, jpop, pop, dance-pop, trap, pop rap, japanese pop",74.2490528793004
Sugar Free Venom feat. Kesha,"f5ve,Kesha",SEQUENCE 01,"j-pop, japanese, electropop, jpop, pop, dance-pop, trap, pop rap, japanese pop",74.2490528793004
Television,f5ve,SEQUENCE 01,"j-pop, japanese, electropop, jpop, pop, dance-pop, trap, pop rap, japanese pop",74.2490528793004
Bow Chika Wow Wow,f5ve,SEQUENCE 01,"j-pop, japanese, electropop, jpop, pop, dance-pop, trap, pop rap, japanese pop",74.2490528793004
Jump,f5ve,SEQUENCE 01,"j-pop, japanese, electropop, jpop, pop, dance-pop, trap, pop rap, japanese pop",74.2490528793004
リア女 (Real Girl),f5ve,SEQUENCE 01,"j-pop, japanese, electropop, jpop, pop, dance-pop, trap, pop rap, japanese pop",74.2490528793004
A Fake in a Faker’s World,"Mark Pritchard,Thom Yorke",Tall Tales,"electronic, dubstep, experimental, ambient, hip-hop, electronica, wonky, chillout, british, grime",61.389160605995365
Ice Shelf,"Mark Pritchard,Thom Yorke",Tall Tales,"electronic, dubstep, experimental, ambient, hip-hop, electronica, wonky, chillout, british, grime",61.389160605995365
Bugging Out Again,"Mark Pritchard,Thom Yorke",Tall Tales,"electronic, dubstep, experimental, ambient, hip-hop, electronica, wonky, chillout, british, grime",61.389160605995365
Back in the Game,"Mark Pritchard,Thom Yorke",Tall Tales,"electronic, dubstep, experimental, ambient, hip-hop, electronica, wonky, chillout, british, grime",61.389160605995365
The White Cliffs,"Mark Pritchard,Thom Yorke",Tall Tales,"electronic, dubstep, experimental, ambient, hip-hop, electronica, wonky, chillout, british, grime",61.389160605995365
The Spirit,"Mark Pritchard,Thom Yorke",Tall Tales,"electronic, dubstep, experimental, ambient, hip-hop, electronica, wonky, chillout, british, grime",61.389160605995365
Gangsters,"Mark Pritchard,Thom Yorke",Tall Tales,"electronic, dubstep, experimental, ambient, hip-hop, electronica, wonky, chillout, british, grime",61.389160605995365
This Conversation is Missing Your Voice,"Mark Pritchard,Thom Yorke",Tall Tales,"electronic, dubstep, experimental, ambient, hip-hop, electronica, wonky, chillout, british, grime",61.389160605995365
Tall Tales,"Mark Pritchard,Thom Yorke",Tall Tales,"electronic, dubstep, experimental, ambient, hip-hop, electronica, wonky, chillout, british, grime",61.389160605995365
Happy Days,"Mark Pritchard,Thom Yorke",Tall Tales,"electronic, dubstep, experimental, ambient, hip-hop, electronica, wonky, chillout, british, grime",61.389160605995365
The Men Who Dance in Stag’s Heads,"Mark Pritchard,Thom Yorke",Tall Tales,"electronic, dubstep, experimental, ambient, hip-hop, electronica, wonky, chillout, british, grime",61.389160605995365
Wandering Genie,"Mark Pritchard,Thom Yorke",Tall Tales,"electronic, dubstep, experimental, ambient, hip-hop, electronica, wonky, chillout, british, grime",61.389160605995365
Miss,Erika de Casier,Lifetime,"electronic, rnb, alternative rnb",72.86790475168975
Miss,Erika de Casier,Lifetime,"trip-hop, alternative, female vocalist, rnb, soul",75.0664513780974
You Can't Always Get What You Want,Erika de Casier,Lifetime,"electronic, rnb, alternative rnb",72.86790475168975
You Can't Always Get What You Want,Erika de Casier,Lifetime,"trip-hop, alternative, female vocalist, rnb, soul",75.0664513780974
Seasons,Erika de Casier,Lifetime,"electronic, rnb, alternative rnb",72.86790475168975
Seasons,Erika de Casier,Lifetime,"trip-hop, alternative, female vocalist, rnb, soul",75.0664513780974
You Got It!,Erika de Casier,Lifetime,"electronic, rnb, alternative rnb",72.86790475168975
You Got It!,Erika de Casier,Lifetime,"trip-hop, alternative, female vocalist, rnb, soul",75.0664513780974
December,Erika de Casier,Lifetime,"electronic, rnb, alternative rnb",72.86790475168975
December,Erika de Casier,Lifetime,"trip-hop, alternative, female vocalist, rnb, soul",75.0664513780974
Delusional,Erika de Casier,Lifetime,"electronic, rnb, alternative rnb",72.86790475168975
Delusional,Erika de Casier,Lifetime,"trip-hop, alternative, female vocalist, rnb, soul",75.0664513780974
The Chase,Erika de Casier,Lifetime,"electronic, rnb, alternative rnb",72.86790475168975
The Chase,Erika de Casier,Lifetime,"trip-hop, alternative, female vocalist, rnb, soul",75.0664513780974
Moan,Erika de Casier,Lifetime,"electronic, rnb, alternative rnb",72.86790475168975
Moan,Erika de Casier,Lifetime,"trip-hop, alternative, female vocalist, rnb, soul",75.0664513780974
The Garden,Erika de Casier,Lifetime,"electronic, rnb, alternative rnb",72.86790475168975
The Garden,Erika de Casier,Lifetime,"trip-hop, alternative, female vocalist, rnb, soul",75.0664513780974
Two Thieves,Erika de Casier,Lifetime,"electronic, rnb, alternative rnb",72.86790475168975
Two Thieves,Erika de Casier,Lifetime,"trip-hop, alternative, female vocalist, rnb, soul",75.0664513780974
Lifetime,Erika de Casier,Lifetime,"electronic, rnb, alternative rnb",72.86790475168975
Lifetime,Erika de Casier,Lifetime,"trip-hop, alternative, female vocalist, rnb, soul",75.0664513780974
SOFT GIRL SUMMER,SAILORR,FROM FLORIDA'S FINEST,"hip-hop, usa, rnb, america",75.52789157363318
SINCERITY,SAILORR,FROM FLORIDA'S FINEST,"hip-hop, usa, rnb, america",75.52789157363318
GRRL'S GRRL,SAILORR,FROM FLORIDA'S FINEST,"hip-hop, usa, rnb, america",75.52789157363318
BITCHES BREW,SAILORR,FROM FLORIDA'S FINEST,"hip-hop, usa, rnb, america",75.52789157363318
GIMME DAT LUG NUT,SAILORR,FROM FLORIDA'S FINEST,"hip-hop, usa, rnb, america",75.52789157363318
DOWN BAD,SAILORR,FROM FLORIDA'S FINEST,"hip-hop, usa, rnb, america",75.52789157363318
POOKIE'S REQUIEM,SAILORR,FROM FLORIDA'S FINEST,"hip-hop, usa, rnb, america",75.52789157363318
DONE SHAVING 4 U,SAILORR,FROM FLORIDA'S FINEST,"hip-hop, usa, rnb, america",75.52789157363318
ITADAKIMASU,SAILORR,FROM FLORIDA'S FINEST,"hip-hop, usa, rnb, america",75.52789157363318
MSG,SAILORR,FROM FLORIDA'S FINEST,"hip-hop, usa, rnb, america",75.52789157363318
BELLY,SAILORR,FROM FLORIDA'S FINEST,"hip-hop, usa, rnb, america",75.52789157363318
UR MOTHER'S SON,SAILORR,FROM FLORIDA'S FINEST,"hip-hop, usa, rnb, america",75.52789157363318
CUT UP,SAILORR,FROM FLORIDA'S FINEST,"hip-hop, usa, rnb, america",75.52789157363318
W1LL U L13?,SAILORR,FROM FLORIDA'S FINEST,"hip-hop, usa, rnb, america",75.52789157363318
Cry,Dexter and The Moonrocks,Happy To Be Here,"emo, alternative, alternative rock, indie rock, american, stoner, blues rock, texas, post-grunge, western space grunge",72.78295398476037
Sarahtonin,Dexter and The Moonrocks,Happy To Be Here,"emo, alternative, alternative rock, indie rock, american, stoner, blues rock, texas, post-grunge, western space grunge",72.78295398476037
Breakin',Dexter and The Moonrocks,Happy To Be Here,"emo, alternative, alternative rock, indie rock, american, stoner, blues rock, texas, post-grunge, western space grunge",72.78295398476037
Ritalin,Dexter and The Moonrocks,Happy To Be Here,"emo, alternative, alternative rock, indie rock, american, stoner, blues rock, texas, post-grunge, western space grunge",72.78295398476037
Say I…,Dexter and The Moonrocks,Happy To Be Here,"emo, alternative, alternative rock, indie rock, american, stoner, blues rock, texas, post-grunge, western space grunge",72.78295398476037
Happy to Be Here,Dexter and The Moonrocks,Happy To Be Here,"emo, alternative, alternative rock, indie rock, american, stoner, blues rock, texas, post-grunge, western space grunge",72.78295398476037
Never Know,The Kooks,Never/Know,"indie, british, pop, indie rock, alternative, indie pop, uk",89.53416545213747
Never Know,The Kooks,Never/Know,"indie, indie rock, british, britpop, alternative, rock, alternative rock, the kooks, indie pop, uk",86.0247392378267
Sunny Baby,The Kooks,Never/Know,"indie, british, pop, indie rock, alternative, indie pop, uk",89.53416545213747
Sunny Baby,The Kooks,Never/Know,"indie, indie rock, british, britpop, alternative, rock, alternative rock, the kooks, indie pop, uk",86.0247392378267
All Over The World,The Kooks,Never/Know,"indie, british, pop, indie rock, alternative, indie pop, uk",89.53416545213747
All Over The World,The Kooks,Never/Know,"indie, indie rock, british, britpop, alternative, rock, alternative rock, the kooks, indie pop, uk",86.0247392378267
If They Could Only Know,The Kooks,Never/Know,"indie, british, pop, indie rock, alternative, indie pop, uk",89.53416545213747
If They Could Only Know,The Kooks,Never/Know,"indie, indie rock, british, britpop, alternative, rock, alternative rock, the kooks, indie pop, uk",86.0247392378267
China Town,The Kooks,Never/Know,"indie, british, pop, indie rock, alternative, indie pop, uk",89.53416545213747
China Town,The Kooks,Never/Know,"indie, indie rock, british, britpop, alternative, rock, alternative rock, the kooks, indie pop, uk",86.0247392378267
Compass Will Fracture,The Kooks,Never/Know,"indie, british, pop, indie rock, alternative, indie pop, uk",89.53416545213747
Compass Will Fracture,The Kooks,Never/Know,"indie, indie rock, british, britpop, alternative, rock, alternative rock, the kooks, indie pop, uk",86.0247392378267
Tough At The Top,The Kooks,Never/Know,"indie, british, pop, indie rock, alternative, indie pop, uk",89.53416545213747
Tough At The Top,The Kooks,Never/Know,"indie, indie rock, british, britpop, alternative, rock, alternative rock, the kooks, indie pop, uk",86.0247392378267
Arrow Through Me,The Kooks,Never/Know,"indie, british, pop, indie rock, alternative, indie pop, uk",89.53416545213747
Arrow Through Me,The Kooks,Never/Know,"indie, indie rock, british, britpop, alternative, rock, alternative rock, the kooks, indie pop, uk",86.0247392378267
Echo Chamber,The Kooks,Never/Know,"indie, british, pop, indie rock, alternative, indie pop, uk",89.53416545213747
Echo Chamber,The Kooks,Never/Know,"indie, indie rock, british, britpop, alternative, rock, alternative rock, the kooks, indie pop, uk",86.0247392378267
Let You Go,The Kooks,Never/Know,"indie, british, pop, indie rock, alternative, indie pop, uk",89.53416545213747
Let You Go,The Kooks,Never/Know,"indie, indie rock, british, britpop, alternative, rock, alternative rock, the kooks, indie pop, uk",86.0247392378267
Talk About It,The Kooks,Never/Know,"indie, british, pop, indie rock, alternative, indie pop, uk",89.53416545213747
Talk About It,The Kooks,Never/Know,"indie, indie rock, british, britpop, alternative, rock, alternative rock, the kooks, indie pop, uk",86.0247392378267
HOME,Forrest Frank,HOME,"black metal, pop, rap, american, christian, goregrind, nsbm, kvlt, pirate metal, racist",61.9690670414503
HOME,Forrest Frank,HOME,"black metal, pop, rap, american, christian, goregrind, nsbm, kvlt, pirate metal, racist",61.9690670414503
YOUR WAY'S BETTER,Forrest Frank,HOME,"black metal, pop, rap, american, christian, goregrind, nsbm, kvlt, pirate metal, racist",61.9690670414503
YOUR WAY'S BETTER,Forrest Frank,HOME,"black metal, pop, rap, american, christian, goregrind, nsbm, kvlt, pirate metal, racist",61.9690670414503
AMEN,Forrest Frank,HOME,"black metal, pop, rap, american, christian, goregrind, nsbm, kvlt, pirate metal, racist",61.9690670414503
AMEN,Forrest Frank,HOME,"black metal, pop, rap, american, christian, goregrind, nsbm, kvlt, pirate metal, racist",61.9690670414503
WOKE UP THIS MORNING,"Forrest Frank,Nathan Davis Jr",HOME,"black metal, pop, rap, american, christian, goregrind, nsbm, kvlt, pirate metal, racist",61.9690670414503
WOKE UP THIS MORNING,"Forrest Frank,Nathan Davis Jr",HOME,"black metal, pop, rap, american, christian, goregrind, nsbm, kvlt, pirate metal, racist",61.9690670414503
NOTHING ELSE,"Forrest Frank,Thomas Rhett",HOME,"black metal, pop, rap, american, christian, goregrind, nsbm, kvlt, pirate metal, racist",61.9690670414503
NOTHING ELSE,"Forrest Frank,Thomas Rhett",HOME,"black metal, pop, rap, american, christian, goregrind, nsbm, kvlt, pirate metal, racist",61.9690670414503
