Track URI,Track Name,Album Name,Artist Name(s),Release Date,Duration (ms),Popularity,Explicit,Genres,Record Label,Danceability,Energy,Key,Loudness,Mode,Speechiness,Acousticness,Instrumentalness,Liveness,Valence,Tempo,liked,playlist_origin,Record Label Frequency Encoded,Genres_encoded,Artist Centrality,mood_score,energy_profile,Primary Artist,album_id
spotify:track:22EOpCN5Z47OJRgZRRJjlZ,Perpetual Adoration,Tragic Magic,Julianna Barwick;Mary Lattimore,2026-01-16,333147,1.0,False,"ambient, experimental, dream pop, drone, folk, ambient pop, female vocalists, ethereal, electronic, american",InFiné,0.357,0.21,2.0,-10.953,1.0,0.0373,0.95,0.899,0.0762,0.0938,119.492,,df_nmf_test,1.473684210526316,1.0,1.0,15.047185568732253,49.677684061098965,Julianna Barwick;Mary Lattimore,julianna_barwick;mary_lattimore_tragic_magic
spotify:track:7hVn6i40goNNQQykPdzJju,The Four Sleeping Princesses,Tragic Magic,Julianna Barwick;Mary Lattimore,2026-01-16,425722,1.0,False,"ambient, experimental, dream pop, drone, folk, ambient pop, female vocalists, ethereal, electronic, american",InFiné,0.666,0.268,10.0,-10.148,0.0,0.0283,0.824,0.966,0.0705,0.0704,110.716,,df_nmf_test,1.473684210526316,1.0,1.0,26.618130950392523,45.767470717836034,Julianna Barwick;Mary Lattimore,julianna_barwick;mary_lattimore_tragic_magic
spotify:track:0giFRlECatzUl0T0iBMyhP,Rachel's Song,Tragic Magic,Julianna Barwick;Mary Lattimore,2026-01-16,255795,1.0,False,"ambient, experimental, dream pop, drone, folk, ambient pop, female vocalists, ethereal, electronic, american",InFiné,0.323,0.483,2.0,-13.111,0.0,0.0474,0.882,0.862,0.372,0.0525,117.543,,df_nmf_test,1.473684210526316,1.0,1.0,24.162560547853687,47.783110832478975,Julianna Barwick;Mary Lattimore,julianna_barwick;mary_lattimore_tragic_magic
spotify:track:0PXkI65DIBYObvvWLNhFbj,Haze with no Haze,Tragic Magic,Julianna Barwick;Mary Lattimore,2026-01-16,432925,1.0,False,"ambient, experimental, dream pop, drone, folk, ambient pop, female vocalists, ethereal, electronic, american",InFiné,0.373,0.314,7.0,-9.288,0.0,0.0319,0.937,0.959,0.198,0.0706,63.234,,df_nmf_test,1.473684210526316,1.0,1.0,19.784700183731417,22.751914459044905,Julianna Barwick;Mary Lattimore,julianna_barwick;mary_lattimore_tragic_magic
spotify:track:6X2KLB0Yg1VR0Ftedmlqeg,Temple of the Winds,Tragic Magic,Julianna Barwick;Mary Lattimore,2026-01-16,157427,1.0,False,"ambient, experimental, dream pop, drone, folk, ambient pop, female vocalists, ethereal, electronic, american",InFiné,0.334,0.232,1.0,-11.349,1.0,0.0372,0.989,0.962,0.0811,0.0789,133.045,,df_nmf_test,1.473684210526316,1.0,1.0,13.682979789544017,56.19009422802202,Julianna Barwick;Mary Lattimore,julianna_barwick;mary_lattimore_tragic_magic
spotify:track:4PlyxR8adGnbabN9ZOKX2M,Stardust,Tragic Magic,Julianna Barwick;Mary Lattimore,2026-01-16,431139,1.0,False,"ambient, experimental, dream pop, drone, folk, ambient pop, female vocalists, ethereal, electronic, american",InFiné,0.164,0.491,8.0,-8.087,1.0,0.0378,0.859,0.833,0.156,0.0381,129.279,,df_nmf_test,1.473684210526316,1.0,1.0,8.06493235343244,56.0690273419991,Julianna Barwick;Mary Lattimore,julianna_barwick;mary_lattimore_tragic_magic
spotify:track:3002ya6IvKzLHhHsB13rPC,Melted Moon,Tragic Magic,Julianna Barwick;Mary Lattimore,2026-01-16,517570,1.0,False,"ambient, experimental, dream pop, drone, folk, ambient pop, female vocalists, ethereal, electronic, american",InFiné,0.578,0.436,3.0,-8.475,1.0,0.0269,0.874,0.884,0.338,0.269,79.758,,df_nmf_test,1.473684210526316,1.0,1.0,42.248622014364464,31.379289002205205,Julianna Barwick;Mary Lattimore,julianna_barwick;mary_lattimore_tragic_magic
spotify:track:6TDEsRZoSIY9eHFCrusNhi,Young Love and Laughter,Your Picture,The Sha La Das,2026-01-16,174333,1.0,False,"soul, usa, daptone, doo wop",Diamond West Records,0.449,0.477,7.0,-9.285,1.0,0.034,0.259,0.33,0.186,0.429,110.801,,df_nmf_test,1.0,47.584899058546284,16.546717302229673,37.24653415734091,46.339202910197365,The Sha La Das,the_sha_la_das_your_picture
spotify:track:51zT4ap5n7d7SunVSYSJbq,Stop Using My Love,Your Picture,The Sha La Das,2026-01-16,170546,1.0,False,"soul, usa, daptone, doo wop",Diamond West Records,0.479,0.573,7.0,-6.793,0.0,0.0423,0.553,9.45e-05,0.107,0.697,85.93,,df_nmf_test,1.0,47.584899058546284,16.546717302229673,46.29989978286287,35.3280460887734,The Sha La Das,the_sha_la_das_your_picture
spotify:track:6j37aJT0fAi6EDFUB962Si,If You Want You Can Be My Girl,Your Picture,The Sha La Das,2026-01-16,149333,1.0,False,"soul, usa, daptone, doo wop",Diamond West Records,0.809,0.47,4.0,-8.146,0.0,0.0684,0.721,0.0234,0.0785,0.646,100.36,,df_nmf_test,1.0,47.584899058546284,16.546717302229673,56.65546183397361,41.739155391881354,The Sha La Das,the_sha_la_das_your_picture
spotify:track:0THNSuGo0hWMcTIi4CJuVW,Do You Remember When,Your Picture,The Sha La Das,2026-01-16,183040,1.0,False,"soul, usa, daptone, doo wop",Diamond West Records,0.425,0.301,0.0,-13.092,1.0,0.027,0.866,0.00799,0.0879,0.436,78.582,,df_nmf_test,1.0,47.584899058546284,16.546717302229673,32.488349757808585,28.44996451100558,The Sha La Das,the_sha_la_das_your_picture
spotify:track:10wpa84RMi9nhoYCNaQ9BR,Your Picture,Your Picture,The Sha La Das,2026-01-16,183400,1.0,False,"soul, usa, daptone, doo wop",Diamond West Records,0.515,0.495,6.0,-9.977,0.0,0.0342,0.405,0.00682,0.329,0.589,91.443,,df_nmf_test,1.0,47.584899058546284,16.546717302229673,52.50083514280943,36.44037898851873,The Sha La Das,the_sha_la_das_your_picture
spotify:track:7vgcmFdv4mMkiYbn6Rzmr8,Catch You On The Rebound,Your Picture,The Sha La Das,2026-01-16,189280,1.0,False,"soul, usa, daptone, doo wop",Diamond West Records,0.479,0.34,9.0,-8.843,0.0,0.0345,0.815,0.0,0.153,0.273,79.993,,df_nmf_test,1.0,47.584899058546284,16.546717302229673,30.673542675797567,31.266128525065408,The Sha La Das,the_sha_la_das_your_picture
spotify:track:7b2p5dZRAHitnb6nvi8YTa,Some Kind of Magic,Your Picture,The Sha La Das,2026-01-16,247000,1.0,False,"soul, usa, daptone, doo wop",Diamond West Records,0.62,0.464,11.0,-9.551,0.0,0.0319,0.259,0.0173,0.0628,0.296,95.674,,df_nmf_test,1.0,47.584899058546284,16.546717302229673,33.72440287289127,38.726319456853666,The Sha La Das,the_sha_la_das_your_picture
spotify:track:0u0bHbCsEAygfDJK9NQ1fN,In My Dreams,Your Picture,The Sha La Das,2026-01-16,180173,1.0,False,"soul, usa, daptone, doo wop",Diamond West Records,0.408,0.454,11.0,-9.414,0.0,0.0242,0.644,2.45e-06,0.298,0.503,82.844,,df_nmf_test,1.0,47.584899058546284,16.546717302229673,43.24077167195591,32.449124954203725,The Sha La Das,the_sha_la_das_your_picture
spotify:track:46uX0vh2N31PfKUwCn9MdO,Magic Mary,Your Picture,The Sha La Das,2026-01-16,189386,1.0,False,"soul, usa, daptone, doo wop",Diamond West Records,0.654,0.444,10.0,-8.814,0.0,0.0277,0.488,0.000976,0.316,0.402,79.966,,df_nmf_test,1.0,47.584899058546284,16.546717302229673,49.979121429764504,31.318508483916133,The Sha La Das,the_sha_la_das_your_picture
spotify:track:6dcTI24xC0XqzGSEWz2NWu,Made Me Change My Mind,Your Picture,The Sha La Das,2026-01-16,119226,1.0,False,"soul, usa, daptone, doo wop",Diamond West Records,0.486,0.505,0.0,-8.088,0.0,0.0325,0.218,0.88,0.17,0.458,111.329,,df_nmf_test,1.0,47.584899058546284,16.546717302229673,39.31351261065642,47.205448833455286,The Sha La Das,the_sha_la_das_your_picture
spotify:track:3wFIqOYZi7ewM1laEBLzZt,Six Eighths Of Your Time,Your Picture,The Sha La Das,2026-01-16,159706,1.0,False,"soul, usa, daptone, doo wop",Diamond West Records,0.506,0.504,0.0,-7.844,1.0,0.0249,0.608,0.0,0.327,0.518,83.983,,df_nmf_test,1.0,47.584899058546284,16.546717302229673,49.11099047937198,33.81248633598843,The Sha La Das,the_sha_la_das_your_picture
spotify:track:4FvPOqgSH5uInzJXYdzoAq,Gonna Catch You,Your Picture,The Sha La Das,2026-01-16,71560,1.0,False,"soul, usa, daptone, doo wop",Diamond West Records,0.378,0.759,9.0,-8.221,0.0,0.0387,0.434,0.102,0.161,0.442,79.725,,df_nmf_test,1.0,47.584899058546284,16.546717302229673,33.81534992483715,31.648106904231618,The Sha La Das,the_sha_la_das_your_picture
spotify:track:0wHxFI0gIOwR8A7oOOpG3x,Sundance,Shaking Hand,Shaking Hand,2026-01-16,291053,1.0,False,"post rock, alternative, alternative rock, emo, uk, british, post-rock, england, united kingdom, art rock",Melodic,0.343,0.793,7.0,-7.573,1.0,0.0298,0.1,0.754,0.0961,0.22,120.025,,df_nmf_test,1.473684210526316,42.67804808616856,1.0,20.508142642391853,51.89938495725846,Shaking Hand,shaking_hand_shaking_hand
spotify:track:4akM8mtdon92Zk5kDzYCjo,Mantras,Shaking Hand,Shaking Hand,2026-01-16,407160,1.0,False,"post rock, alternative, alternative rock, emo, uk, british, post-rock, england, united kingdom, art rock",Melodic,0.46,0.674,0.0,-8.942,1.0,0.0355,0.129,0.795,0.077,0.0347,117.557,,df_nmf_test,1.473684210526316,42.67804808616856,1.0,16.895064305996325,49.944525360904606,Shaking Hand,shaking_hand_shaking_hand
spotify:track:61eB7URzZDMWNywmlda4HX,In For a… Pound!,Shaking Hand,Shaking Hand,2026-01-16,283160,1.0,False,"post rock, alternative, alternative rock, emo, uk, british, post-rock, england, united kingdom, art rock",Melodic,0.357,0.916,11.0,-6.578,1.0,0.0477,0.000345,0.779,0.119,0.49,126.321,,df_nmf_test,1.473684210526316,42.67804808616856,1.0,33.195256388842495,55.563017173478784,Shaking Hand,shaking_hand_shaking_hand
spotify:track:365LZbYavnv0aaqM0FdgHh,Night Owl,Shaking Hand,Shaking Hand,2026-01-16,197786,1.0,False,"post rock, alternative, alternative rock, emo, uk, british, post-rock, england, united kingdom, art rock",Melodic,0.496,0.849,4.0,-7.276,1.0,0.0295,0.00267,0.791,0.138,0.622,162.056,,df_nmf_test,1.473684210526316,42.67804808616856,1.0,45.183731418072476,72.84346208866958,Shaking Hand,shaking_hand_shaking_hand
spotify:track:3opQtJE5wlF3LhhOsB2zYR,Up The Ante(lope),Shaking Hand,Shaking Hand,2026-01-16,457400,1.0,False,"post rock, alternative, alternative rock, emo, uk, british, post-rock, england, united kingdom, art rock",Melodic,0.509,0.78,11.0,-6.245,1.0,0.0337,2.95e-05,0.882,0.359,0.555,126.996,,df_nmf_test,1.473684210526316,42.67804808616856,1.0,52.08743945214632,55.99391645760935,Shaking Hand,shaking_hand_shaking_hand
spotify:track:7r8vHr26mdKknrMUrINGGz,Italics,Shaking Hand,Shaking Hand,2026-01-16,361653,1.0,False,"post rock, alternative, alternative rock, emo, uk, british, post-rock, england, united kingdom, art rock",Melodic,0.389,0.704,9.0,-6.672,1.0,0.032,0.0326,0.891,0.128,0.28,108.359,,df_nmf_test,1.473684210526316,42.67804808616856,1.0,26.20886921663605,46.53587483116522,Shaking Hand,shaking_hand_shaking_hand
spotify:track:7CznYxJRlBjHMEzyRm0JF3,Cable Ties,Shaking Hand,Shaking Hand,2026-01-16,521680,1.0,False,"post rock, alternative, alternative rock, emo, uk, british, post-rock, england, united kingdom, art rock",Melodic,0.36,0.648,4.0,-7.284,0.0,0.0335,0.00307,0.8,0.136,0.114,107.385,,df_nmf_test,1.473684210526316,42.67804808616856,1.0,18.478369801236013,45.72447961953402,Shaking Hand,shaking_hand_shaking_hand
spotify:track:3bSWxqF2xpQ54YM6oCN1q9,Celestun,Celestun,Tyler Ramsey;Carl Broemel,2026-01-15,325312,1.0,False,"folk, singer-songwriter, acoustic, indie folk, band of horses, americana, american, north carolina, asheville, looks like jesus",Tone Tree Music / Duo Quest Records,0.424,0.249,7.0,-13.161,1.0,0.0385,0.964,0.921,0.0841,0.291,161.862,,df_nmf_test,1.473684210526316,100.0,1.0,26.295682311675293,69.54303053051802,Tyler Ramsey;Carl Broemel,tyler_ramsey;carl_broemel_celestun
spotify:track:6PCbZxpa0dQNzj0LPISf9W,Elizabeth Brown,Celestun,Tyler Ramsey;Carl Broemel,2026-01-15,164160,1.0,False,"folk, singer-songwriter, acoustic, indie folk, band of horses, americana, american, north carolina, asheville, looks like jesus",Tone Tree Music / Duo Quest Records,0.523,0.346,2.0,-11.964,1.0,0.0366,0.88,0.889,0.19,0.66,122.231,,df_nmf_test,1.473684210526316,100.0,1.0,50.0204609988308,50.598780695983606,Tyler Ramsey;Carl Broemel,tyler_ramsey;carl_broemel_celestun
spotify:track:5XLBCQLor1sBSSUVsSg7Dm,Nevermind,Celestun,Tyler Ramsey;Carl Broemel,2026-01-15,213418,1.0,False,"folk, singer-songwriter, acoustic, indie folk, band of horses, americana, american, north carolina, asheville, looks like jesus",Tone Tree Music / Duo Quest Records,0.6,0.395,3.0,-11.067,1.0,0.0285,0.883,0.0858,0.123,0.714,93.303,,df_nmf_test,1.473684210526316,100.0,1.0,52.66619341907467,36.771459860499796,Tyler Ramsey;Carl Broemel,tyler_ramsey;carl_broemel_celestun
spotify:track:25OANCebIYSBCnOpOydAT9,In the Willows,Celestun,Tyler Ramsey;Carl Broemel,2026-01-15,192426,1.0,False,"folk, singer-songwriter, acoustic, indie folk, band of horses, americana, american, north carolina, asheville, looks like jesus",Tone Tree Music / Duo Quest Records,0.578,0.12,2.0,-14.387,1.0,0.0336,0.916,0.891,0.129,0.0776,139.928,,df_nmf_test,1.473684210526316,100.0,1.0,25.696258560213796,58.03475825056727,Tyler Ramsey;Carl Broemel,tyler_ramsey;carl_broemel_celestun
spotify:track:68kAGTN3TTGgA5KlvCtZy5,Flying Things,Celestun,Tyler Ramsey;Carl Broemel;The Secret Sisters,2026-01-15,221248,1.0,False,"folk, singer-songwriter, acoustic, indie folk, band of horses, americana, american, north carolina, asheville, looks like jesus",Tone Tree Music / Duo Quest Records,0.61,0.316,9.0,-11.085,1.0,0.0269,0.903,0.0329,0.113,0.363,103.935,,df_nmf_test,1.473684210526316,100.0,1.0,38.15600467679974,41.977335959485636,Tyler Ramsey;Carl Broemel;The Secret Sisters,tyler_ramsey;carl_broemel;the_secret_sisters_celestun
spotify:track:7jdXM98gcz6D1SPA8uHr2u,Last Tarot,Celestun,Tyler Ramsey;Carl Broemel,2026-01-15,159425,1.0,False,"folk, singer-songwriter, acoustic, indie folk, band of horses, americana, american, north carolina, asheville, looks like jesus",Tone Tree Music / Duo Quest Records,0.57,0.228,7.0,-13.839,1.0,0.0289,0.99,0.841,0.156,0.263,92.454,,df_nmf_test,1.473684210526316,100.0,1.0,34.14606647736763,34.899617557418786,Tyler Ramsey;Carl Broemel,tyler_ramsey;carl_broemel_celestun
spotify:track:1WSdBYW3imJSRVOWJk4E0I,Garvanza,Celestun,Tyler Ramsey;Carl Broemel,2026-01-15,176617,1.0,False,"folk, singer-songwriter, acoustic, indie folk, band of horses, americana, american, north carolina, asheville, looks like jesus",Tone Tree Music / Duo Quest Records,0.465,0.293,9.0,-14.639,1.0,0.0456,0.945,0.96,0.374,0.223,121.824,,df_nmf_test,1.473684210526316,100.0,1.0,37.16385501920829,49.04961870544534,Tyler Ramsey;Carl Broemel,tyler_ramsey;carl_broemel_celestun
spotify:track:4nBWCJLx6CjopFUyuLJkvf,Sail Away,Celestun,Tyler Ramsey;Carl Broemel,2026-01-15,251882,1.0,False,"folk, singer-songwriter, acoustic, indie folk, band of horses, americana, american, north carolina, asheville, looks like jesus",Tone Tree Music / Duo Quest Records,0.356,0.279,7.0,-13.1,1.0,0.0282,0.923,0.000351,0.108,0.477,153.394,,df_nmf_test,1.473684210526316,100.0,1.0,32.16176716218473,65.40353132964432,Tyler Ramsey;Carl Broemel,tyler_ramsey;carl_broemel_celestun
spotify:track:1bIHvWqRluf85O9bqhgKi8,Sylvie's Guitar,Celestun,Tyler Ramsey;Carl Broemel,2026-01-15,275157,1.0,False,"folk, singer-songwriter, acoustic, indie folk, band of horses, americana, american, north carolina, asheville, looks like jesus",Tone Tree Music / Duo Quest Records,0.657,0.218,7.0,-13.459,1.0,0.032,0.935,0.873,0.12,0.0649,100.037,,df_nmf_test,1.473684210526316,100.0,1.0,28.065015867713385,38.82959692288955,Tyler Ramsey;Carl Broemel,tyler_ramsey;carl_broemel_celestun
spotify:track:4wp5fkGiS3b7ytOYYnFeut,Coordinates for the Absent,Dream Archives,Craig Taborn;Tomeka Reid;Ches Smith,2026-01-16,353906,1.0,False,"jazz, piano, contemporary jazz, avant-garde jazz, experimental, world jazz, instrumental, free jazz, free improvisation, downtown",ECM Records,0.216,0.017,5.0,-30.626,0.0,0.0443,0.971,0.0144,0.0923,0.0334,55.699,,df_nmf_test,1.473684210526316,1.0,1.0,7.386963420744948,8.3375427639887,Craig Taborn;Tomeka Reid;Ches Smith,craig_taborn;tomeka_reid;ches_smith_dream_archives
spotify:track:1tVaMIfEZPe44pTkxvN98h,Feeding Maps to the Fire,Dream Archives,Craig Taborn;Tomeka Reid;Ches Smith,2026-01-16,437720,1.0,False,"jazz, piano, contemporary jazz, avant-garde jazz, experimental, world jazz, instrumental, free jazz, free improvisation, downtown",ECM Records,0.442,0.258,5.0,-22.156,0.0,0.0429,0.901,0.518,0.0801,0.114,133.369,,df_nmf_test,1.473684210526316,1.0,1.0,19.557332553866715,51.02276187234145,Craig Taborn;Tomeka Reid;Ches Smith,craig_taborn;tomeka_reid;ches_smith_dream_archives
spotify:track:4V7o0KLWjXSXUyQwCFzAdt,When Kabuya Dances,Dream Archives,Craig Taborn;Tomeka Reid;Ches Smith,2026-01-16,450746,1.0,False,"jazz, piano, contemporary jazz, avant-garde jazz, experimental, world jazz, instrumental, free jazz, free improvisation, downtown",ECM Records,0.376,0.221,10.0,-22.263,0.0,0.0422,0.944,0.89,0.0786,0.0759,137.687,,df_nmf_test,1.473684210526316,1.0,1.0,15.191874060464336,53.08534628972796,Craig Taborn;Tomeka Reid;Ches Smith,craig_taborn;tomeka_reid;ches_smith_dream_archives
spotify:track:2zYxkOLcMmNUUOdLwOO1Sc,Mumbo Jumbo,Dream Archives,Craig Taborn;Tomeka Reid;Ches Smith,2026-01-16,321706,1.0,False,"jazz, piano, contemporary jazz, avant-garde jazz, experimental, world jazz, instrumental, free jazz, free improvisation, downtown",ECM Records,0.344,0.119,9.0,-24.143,1.0,0.0369,0.928,0.458,0.0942,0.088,112.02,,df_nmf_test,1.473684210526316,1.0,1.0,15.014113913479205,39.42257758912429,Craig Taborn;Tomeka Reid;Ches Smith,craig_taborn;tomeka_reid;ches_smith_dream_archives
spotify:track:6lW7pz6NCj9Fu8GQIWyVMw,Dream Archive,Dream Archives,Craig Taborn;Tomeka Reid;Ches Smith,2026-01-16,719466,1.0,False,"jazz, piano, contemporary jazz, avant-garde jazz, experimental, world jazz, instrumental, free jazz, free improvisation, downtown",ECM Records,0.306,0.187,5.0,-22.091,1.0,0.0449,0.863,0.646,0.114,0.139,76.161,,df_nmf_test,1.473684210526316,1.0,1.0,16.370051778854187,22.750432007379317,Craig Taborn;Tomeka Reid;Ches Smith,craig_taborn;tomeka_reid;ches_smith_dream_archives
spotify:track:3oyUH6SVrs8NJMKHXIxDUe,Enchant,Dream Archives,Craig Taborn;Tomeka Reid;Ches Smith,2026-01-16,706000,1.0,False,"jazz, piano, contemporary jazz, avant-garde jazz, experimental, world jazz, instrumental, free jazz, free improvisation, downtown",ECM Records,0.323,0.0382,7.0,-28.265,0.0,0.0391,0.836,0.67,0.17,0.06,123.896,,df_nmf_test,1.473684210526316,1.0,1.0,16.122014364456327,43.214293629251316,Craig Taborn;Tomeka Reid;Ches Smith,craig_taborn;tomeka_reid;ches_smith_dream_archives
spotify:track:2Ies1xCDtwX1iU0zwyyJCO,Pendulum Swing,Valentine,Courtney Marie Andrews,2026-01-16,202960,1.0,False,"female vocalist, folk, singer-songwriter, arizona, country, indie, phoenix, usa, acoustic, americana",Loose Future,0.534,0.375,7.0,-10.438,1.0,0.0297,0.592,0.227,0.124,0.334,139.863,,df_nmf_test,1.473684210526316,95.21771215828734,29.151873672615256,34.270085184566575,60.08004739852195,Courtney Marie Andrews,courtney_marie_andrews_valentine
spotify:track:65ZvnaWPhMKKv3jzdgopHQ,Keeper,Valentine,Courtney Marie Andrews,2026-01-16,192551,1.0,False,"female vocalist, folk, singer-songwriter, arizona, country, indie, phoenix, usa, acoustic, americana",Loose Future,0.655,0.546,2.0,-9.309,1.0,0.0276,0.664,9.75e-05,0.133,0.584,127.968,,df_nmf_test,1.473684210526316,95.21771215828734,29.151873672615256,49.97912142976449,54.84452226622436,Courtney Marie Andrews,courtney_marie_andrews_valentine
spotify:track:4riYJIO6Bzj9IfuSyrzcdb,Cons and Clowns,Valentine,Courtney Marie Andrews,2026-01-16,254260,1.0,False,"female vocalist, folk, singer-songwriter, arizona, country, indie, phoenix, usa, acoustic, americana",Loose Future,0.405,0.269,9.0,-9.634,1.0,0.0278,0.874,0.00231,0.112,0.13,105.404,,df_nmf_test,1.473684210526316,95.21771215828734,29.151873672615256,20.007933856689494,43.39703050456265,Courtney Marie Andrews,courtney_marie_andrews_valentine
spotify:track:11uH2ZDgzLE9rnhgmwkG7U,Magic Touch,Valentine,Courtney Marie Andrews,2026-01-16,179214,1.0,False,"female vocalist, folk, singer-songwriter, arizona, country, indie, phoenix, usa, acoustic, americana",Loose Future,0.472,0.533,5.0,-8.656,1.0,0.0279,0.62,0.027,0.0998,0.315,124.965,,df_nmf_test,1.473684210526316,95.21771215828734,29.151873672615256,29.921162518790716,53.676844504297115,Courtney Marie Andrews,courtney_marie_andrews_valentine
spotify:track:74kloXXAfk2H0p8NM1r0dG,Little Picture of a Butterfly,Valentine,Courtney Marie Andrews,2026-01-16,285720,1.0,False,"female vocalist, folk, singer-songwriter, arizona, country, indie, phoenix, usa, acoustic, americana",Loose Future,0.229,0.329,0.0,-11.38,1.0,0.032,0.759,0.272,0.074,0.131,79.953,,df_nmf_test,1.473684210526316,95.21771215828734,29.151873672615256,11.202605645565393,29.987266888219146,Courtney Marie Andrews,courtney_marie_andrews_valentine
spotify:track:7io6jkP4gFujNB6BofLELK,Outsider,Valentine,Courtney Marie Andrews,2026-01-16,246450,1.0,False,"female vocalist, folk, singer-songwriter, arizona, country, indie, phoenix, usa, acoustic, americana",Loose Future,0.271,0.324,0.0,-10.951,1.0,0.0295,0.916,0.00901,0.106,0.119,104.15,,df_nmf_test,1.473684210526316,95.21771215828734,29.151873672615256,13.765658927676634,42.15374770769048,Courtney Marie Andrews,courtney_marie_andrews_valentine
spotify:track:0S4FrT5ZhIwjdnqsGI69lZ,Everyone Wants To Feel Like You Do,Valentine,Courtney Marie Andrews,2026-01-16,243675,1.0,False,"female vocalist, folk, singer-songwriter, arizona, country, indie, phoenix, usa, acoustic, americana",Loose Future,0.615,0.357,4.0,-9.351,1.0,0.033,0.0573,0.000149,0.0914,0.297,72.903,,df_nmf_test,1.473684210526316,95.21771215828734,29.151873672615256,34.7413562719225,27.519973166127425,Courtney Marie Andrews,courtney_marie_andrews_valentine
spotify:track:6Z0ZVcWY7ScGTqnoJmVbf1,Only the Best for Baby,Valentine,Courtney Marie Andrews,2026-01-16,153007,1.0,False,"female vocalist, folk, singer-songwriter, arizona, country, indie, phoenix, usa, acoustic, americana",Loose Future,0.603,0.29,2.0,-10.711,1.0,0.0314,0.738,0.00783,0.109,0.367,123.11,,df_nmf_test,1.473684210526316,95.21771215828734,29.151873672615256,37.86662769333556,51.6246372485697,Courtney Marie Andrews,courtney_marie_andrews_valentine
spotify:track:6fDljo6s2HskCEZmc7an4w,Best Friend,Valentine,Courtney Marie Andrews,2026-01-16,172829,1.0,False,"female vocalist, folk, singer-songwriter, arizona, country, indie, phoenix, usa, acoustic, americana",Loose Future,0.284,0.261,9.0,-10.727,1.0,0.0284,0.729,9.09e-05,0.108,0.167,71.957,,df_nmf_test,1.473684210526316,95.21771215828734,29.151873672615256,16.370051778854187,26.32511712366441,Courtney Marie Andrews,courtney_marie_andrews_valentine
spotify:track:60BcjBNdS7cBz1anh4F8rb,Hangman,Valentine,Courtney Marie Andrews,2026-01-16,225263,1.0,False,"female vocalist, folk, singer-songwriter, arizona, country, indie, phoenix, usa, acoustic, americana",Loose Future,0.381,0.342,0.0,-7.978,1.0,0.0307,0.594,1.07e-05,0.0961,0.318,136.554,,df_nmf_test,1.473684210526316,95.21771215828734,29.151873672615256,26.13032403541006,59.644206608839404,Courtney Marie Andrews,courtney_marie_andrews_valentine
spotify:track:3cs8g5BkBTQ84nwN4RaVue,Carnaval de Gringo,Dance Para Se Salvar,Diogo Strausz,2026-01-16,190280,1.0,False,"brazil, mpb, samba, jazz, alternative, soul, indie, drum and bass, experimental, brasil",Favorite Recordings,0.725,0.722,6.0,-11.28,1.0,0.0828,0.214,0.00674,0.0478,0.399,131.944,,df_nmf_test,1.473684210526316,32.611528575964115,1.0,41.70293970268917,55.922264627105996,Diogo Strausz,diogo_strausz_dance_para_se_salvar
spotify:track:2s13oZnANE7I4AAHo9b27e,Com Magia,Dance Para Se Salvar,Diogo Strausz,2026-01-16,276303,1.0,False,"brazil, mpb, samba, jazz, alternative, soul, indie, drum and bass, experimental, brasil",Favorite Recordings,0.783,0.652,9.0,-10.663,1.0,0.0455,0.109,0.0199,0.158,0.946,114.994,,df_nmf_test,1.473684210526316,32.611528575964115,1.0,71.26899949891433,47.81671307023227,Diogo Strausz,diogo_strausz_dance_para_se_salvar
spotify:track:4Y8GQJtxiEFmzekZ4MHCGL,Ele é Artista,Dance Para Se Salvar,Diogo Strausz;Patchworks,2026-01-16,290823,1.0,False,"brazil, mpb, samba, jazz, alternative, soul, indie, drum and bass, experimental, brasil",Favorite Recordings,0.718,0.709,9.0,-10.168,0.0,0.0363,0.00264,0.0272,0.0904,0.966,127.466,,df_nmf_test,1.473684210526316,32.611528575964115,1.0,66.61416402204777,54.2525299011,Diogo Strausz;Patchworks,diogo_strausz;patchworks_dance_para_se_salvar
spotify:track:1sId70PcHYhXMGo2P4LAWt,Montanha Mágica,Dance Para Se Salvar,Diogo Strausz,2026-01-16,340645,1.0,False,"brazil, mpb, samba, jazz, alternative, soul, indie, drum and bass, experimental, brasil",Favorite Recordings,0.847,0.647,9.0,-9.304,0.0,0.0351,0.071,0.0281,0.0644,0.876,123.985,,df_nmf_test,1.473684210526316,32.611528575964115,1.0,67.15157841990981,52.92870056373094,Diogo Strausz,diogo_strausz_dance_para_se_salvar
spotify:track:3hH6sD2ZuGXxxFQc9aKdK2,"Viver, Lutar, Reerguer",Dance Para Se Salvar,Diogo Strausz,2026-01-16,162616,1.0,False,"brazil, mpb, samba, jazz, alternative, soul, indie, drum and bass, experimental, brasil",Favorite Recordings,0.812,0.558,5.0,-8.942,0.0,0.033,0.0781,0.000687,0.0614,0.889,107.016,,df_nmf_test,1.473684210526316,32.611528575964115,1.0,66.11808919325206,44.67836289418489,Diogo Strausz,diogo_strausz_dance_para_se_salvar
spotify:track:2YcF86HP5TCG8ZSPTRXsXK,Frevo Mulher,Dance Para Se Salvar,Diogo Strausz,2026-01-16,285554,1.0,False,"brazil, mpb, samba, jazz, alternative, soul, indie, drum and bass, experimental, brasil",Favorite Recordings,0.755,0.674,8.0,-9.6,1.0,0.0872,0.00233,0.131,0.0918,0.879,150.001,,df_nmf_test,1.473684210526316,32.611528575964115,1.0,64.6050609654251,65.65159490835255,Diogo Strausz,diogo_strausz_dance_para_se_salvar
spotify:track:419tZaMFKEuvXEC9gz36Vd,Dance To Save Your Soul,Dance Para Se Salvar,Diogo Strausz,2026-01-16,351934,1.0,False,"brazil, mpb, samba, jazz, alternative, soul, indie, drum and bass, experimental, brasil",Favorite Recordings,0.679,0.623,3.0,-9.874,1.0,0.0379,0.0124,0.00615,0.258,0.867,124.987,,df_nmf_test,1.473684210526316,32.611528575964115,1.0,67.83781526641057,53.13031399025075,Diogo Strausz,diogo_strausz_dance_para_se_salvar
spotify:track:4NvrxY7kWXJ0sfmKhX0rvj,Popotão Grandão - Bonus Track,Dance Para Se Salvar,Diogo Strausz,2026-01-16,294102,1.0,False,"brazil, mpb, samba, jazz, alternative, soul, indie, drum and bass, experimental, brasil",Favorite Recordings,0.809,0.805,11.0,-9.503,0.0,0.0342,0.0308,0.489,0.0652,0.94,124.965,,df_nmf_test,1.473684210526316,32.611528575964115,1.0,68.25947887088692,53.392707935059626,Diogo Strausz,diogo_strausz_dance_para_se_salvar
spotify:track:38G45tr5jBQA1Y7HP5o4x3,Dogfish,Oxis 8,Oxis,2026-01-16,192000,1.0,False,"electronic, indie, dream pop, electropop, usa, dance, indie pop, indie dance pop, art pop",Boom Records LLC,0.774,0.404,0.0,-12.883,1.0,0.0416,0.674,0.0416,0.11,0.0981,140.012,,df_nmf_test,1.473684210526316,100.0,8.620328104645942,33.86082345081009,58.95980808989347,Oxis,oxis_oxis_8
spotify:track:22TQ3p5Ml3L4vDfu838ukU,Poma,Oxis 8,Oxis,2026-01-16,142941,1.0,False,"electronic, indie, dream pop, electropop, usa, dance, indie pop, indie dance pop, art pop",Boom Records LLC,0.634,0.721,0.0,-7.528,1.0,0.0454,0.0147,0.000555,0.554,0.139,136.068,,df_nmf_test,1.473684210526316,100.0,8.620328104645942,48.11884082178052,59.81370024927151,Oxis,oxis_oxis_8
spotify:track:5bTtVWUatbCvi1e3Sq3zn3,Fry,Oxis 8,Oxis,2026-01-16,199384,1.0,False,"electronic, indie, dream pop, electropop, usa, dance, indie pop, indie dance pop, art pop",Boom Records LLC,0.486,0.749,0.0,-8.155,1.0,0.0414,0.0954,0.000236,0.126,0.118,130.08,,df_nmf_test,1.473684210526316,100.0,8.620328104645942,23.43911808919325,56.55873054219796,Oxis,oxis_oxis_8
spotify:track:6DO3aFhkqYimxS5TZ7ORuH,Fingerling,Oxis 8,Oxis,2026-01-16,149610,1.0,False,"electronic, indie, dream pop, electropop, usa, dance, indie pop, indie dance pop, art pop",Boom Records LLC,0.691,0.625,7.0,-8.902,1.0,0.0356,0.0421,0.58,0.156,0.33,154.0,,df_nmf_test,1.473684210526316,100.0,8.620328104645942,41.91790546183397,67.94840668890177,Oxis,oxis_oxis_8
spotify:track:5e4cZXjRmvuA36BNwBkRyq,Piranha,Oxis 8,Oxis,2026-01-16,147226,1.0,False,"electronic, indie, dream pop, electropop, usa, dance, indie pop, indie dance pop, art pop",Boom Records LLC,0.685,0.752,7.0,-8.122,1.0,0.0387,0.53,0.872,0.254,0.289,105.938,,df_nmf_test,1.473684210526316,100.0,8.620328104645942,44.026223484215805,44.64673725865237,Oxis,oxis_oxis_8
spotify:track:07vzFp3wUOygMhI4O8bLts,Guili,Oxis 8,Oxis,2026-01-16,139130,1.0,False,"electronic, indie, dream pop, electropop, usa, dance, indie pop, indie dance pop, art pop",Boom Records LLC,0.617,0.624,7.0,-9.199,1.0,0.0537,0.0141,4.57e-06,0.0952,0.144,138.003,,df_nmf_test,1.473684210526316,100.0,8.620328104645942,28.656171705361622,59.89622339198917,Oxis,oxis_oxis_8
spotify:track:3B03uelYQPv7TiRSNEdqgY,Onco,Oxis 8,Oxis,2026-01-16,219428,1.0,False,"electronic, indie, dream pop, electropop, usa, dance, indie pop, indie dance pop, art pop",Boom Records LLC,0.601,0.708,9.0,-7.429,1.0,0.0419,0.492,0.000291,0.151,0.14,117.013,,df_nmf_test,1.473684210526316,100.0,8.620328104645942,30.13612827793553,50.44015836776581,Oxis,oxis_oxis_8
spotify:track:3s4K3iYRGaLyFJRfd7hqud,Fluke,Oxis 8,Oxis,2026-01-16,138452,1.0,False,"electronic, indie, dream pop, electropop, usa, dance, indie pop, indie dance pop, art pop",Boom Records LLC,0.45,0.834,9.0,-7.118,0.0,0.049,0.0829,0.00245,0.392,0.341,150.06,,df_nmf_test,1.473684210526316,100.0,8.620328104645942,42.165942876231846,66.9862955579359,Oxis,oxis_oxis_8
spotify:track:38G45tr5jBQA1Y7HP5o4x3,Dogfish,Oxis 8,Oxis,2026-01-16,192000,1.0,False,"electronic, indie, dream pop, electropop, usa, dance, indie pop, indie dance pop, art pop",Boom Records LLC,0.774,0.404,0.0,-12.883,1.0,0.0416,0.674,0.0416,0.11,0.0981,140.012,,df_nmf_test,1.473684210526316,100.0,8.620328104645942,33.86082345081009,58.95980808989347,Oxis,oxis_oxis_8
spotify:track:22TQ3p5Ml3L4vDfu838ukU,Poma,Oxis 8,Oxis,2026-01-16,142941,1.0,False,"electronic, indie, dream pop, electropop, usa, dance, indie pop, indie dance pop, art pop",Boom Records LLC,0.634,0.721,0.0,-7.528,1.0,0.0454,0.0147,0.000555,0.554,0.139,136.068,,df_nmf_test,1.473684210526316,100.0,8.620328104645942,48.11884082178052,59.81370024927151,Oxis,oxis_oxis_8
spotify:track:5bTtVWUatbCvi1e3Sq3zn3,Fry,Oxis 8,Oxis,2026-01-16,199384,1.0,False,"electronic, indie, dream pop, electropop, usa, dance, indie pop, indie dance pop, art pop",Boom Records LLC,0.486,0.749,0.0,-8.155,1.0,0.0414,0.0954,0.000236,0.126,0.118,130.08,,df_nmf_test,1.473684210526316,100.0,8.620328104645942,23.43911808919325,56.55873054219796,Oxis,oxis_oxis_8
spotify:track:6DO3aFhkqYimxS5TZ7ORuH,Fingerling,Oxis 8,Oxis,2026-01-16,149610,1.0,False,"electronic, indie, dream pop, electropop, usa, dance, indie pop, indie dance pop, art pop",Boom Records LLC,0.691,0.625,7.0,-8.902,1.0,0.0356,0.0421,0.58,0.156,0.33,154.0,,df_nmf_test,1.473684210526316,100.0,8.620328104645942,41.91790546183397,67.94840668890177,Oxis,oxis_oxis_8
spotify:track:5e4cZXjRmvuA36BNwBkRyq,Piranha,Oxis 8,Oxis,2026-01-16,147226,1.0,False,"electronic, indie, dream pop, electropop, usa, dance, indie pop, indie dance pop, art pop",Boom Records LLC,0.685,0.752,7.0,-8.122,1.0,0.0387,0.53,0.872,0.254,0.289,105.938,,df_nmf_test,1.473684210526316,100.0,8.620328104645942,44.026223484215805,44.64673725865237,Oxis,oxis_oxis_8
spotify:track:07vzFp3wUOygMhI4O8bLts,Guili,Oxis 8,Oxis,2026-01-16,139130,1.0,False,"electronic, indie, dream pop, electropop, usa, dance, indie pop, indie dance pop, art pop",Boom Records LLC,0.617,0.624,7.0,-9.199,1.0,0.0537,0.0141,4.57e-06,0.0952,0.144,138.003,,df_nmf_test,1.473684210526316,100.0,8.620328104645942,28.656171705361622,59.89622339198917,Oxis,oxis_oxis_8
spotify:track:3B03uelYQPv7TiRSNEdqgY,Onco,Oxis 8,Oxis,2026-01-16,219428,1.0,False,"electronic, indie, dream pop, electropop, usa, dance, indie pop, indie dance pop, art pop",Boom Records LLC,0.601,0.708,9.0,-7.429,1.0,0.0419,0.492,0.000291,0.151,0.14,117.013,,df_nmf_test,1.473684210526316,100.0,8.620328104645942,30.13612827793553,50.44015836776581,Oxis,oxis_oxis_8
spotify:track:3s4K3iYRGaLyFJRfd7hqud,Fluke,Oxis 8,Oxis,2026-01-16,138452,1.0,False,"electronic, indie, dream pop, electropop, usa, dance, indie pop, indie dance pop, art pop",Boom Records LLC,0.45,0.834,9.0,-7.118,0.0,0.049,0.0829,0.00245,0.392,0.341,150.06,,df_nmf_test,1.473684210526316,100.0,8.620328104645942,42.165942876231846,66.9862955579359,Oxis,oxis_oxis_8
spotify:track:1ScE7DvPIz0iFzYwsR9XSy,Butterflies,Dreamer+,Sassy 009,2026-01-16,159152,1.0,False,"electronic, house, techno, experimental, norway, art pop, electropop, outsider house, norwegian, female vocalists",[PIAS] Électronique,0.562,0.685,10.0,-6.192,0.0,0.0441,0.0101,9.6e-05,0.0953,0.47,100.037,,df_nmf_test,1.473684210526316,1.0,1.0,39.863328879238345,42.65135731677246,Sassy 009,sassy_009_dreamer+
spotify:track:6rCOPBfIps93Z7PsgFStDA,Edges,Dreamer+,Sassy 009,2026-01-16,202000,1.0,False,"electronic, house, techno, experimental, norway, art pop, electropop, outsider house, norwegian, female vocalists",[PIAS] Électronique,0.734,0.84,5.0,-4.799,0.0,0.0478,0.0156,0.000686,0.155,0.595,120.029,,df_nmf_test,1.473684210526316,1.0,1.0,54.609153165191245,53.295360275686086,Sassy 009,sassy_009_dreamer+
spotify:track:1fVniDPW0wtuTe8grsejH1,In The Snow,Dreamer+,Sassy 009,2026-01-16,179478,1.0,False,"electronic, house, techno, experimental, norway, art pop, electropop, outsider house, norwegian, female vocalists",[PIAS] Électronique,0.368,0.484,9.0,-6.884,0.0,0.0927,0.105,0.000581,0.134,0.395,79.299,,df_nmf_test,1.473684210526316,1.0,1.0,30.34282612326708,31.96238665733604,Sassy 009,sassy_009_dreamer+
spotify:track:2Vrre16v2TO60BV5rxy2S4,RIP Time and Thought,Dreamer+,Sassy 009,2026-01-16,50500,1.0,False,"electronic, house, techno, experimental, norway, art pop, electropop, outsider house, norwegian, female vocalists",[PIAS] Électronique,0.74,0.718,8.0,-6.686,1.0,0.105,0.108,0.931,0.101,0.652,119.957,,df_nmf_test,1.473684210526316,1.0,1.0,54.98120928678804,52.26703297032401,Sassy 009,sassy_009_dreamer+
spotify:track:5T9djRZZzf1L1Tu47zmmyZ,Dreamer,Dreamer+,Sassy 009,2026-01-16,181484,1.0,False,"electronic, house, techno, experimental, norway, art pop, electropop, outsider house, norwegian, female vocalists",[PIAS] Électronique,0.671,0.381,5.0,-9.171,1.0,0.0379,0.773,0.000431,0.0985,0.235,120.068,,df_nmf_test,1.473684210526316,1.0,1.0,34.78682979789544,50.92739081518868,Sassy 009,sassy_009_dreamer+
spotify:track:6loiJKdA0IDMYBGAmPGJb4,Sleepwalker's Pendulum,Dreamer+,Sassy 009;BEA1991,2026-01-16,202013,1.0,False,"electronic, house, techno, experimental, norway, art pop, electropop, outsider house, norwegian, female vocalists",[PIAS] Électronique,0.643,0.535,0.0,-6.455,0.0,0.0435,0.0657,0.0155,0.0843,0.407,130.632,,df_nmf_test,1.473684210526316,1.0,1.0,40.15270586270253,57.565809373686626,Sassy 009;BEA1991,sassy_009;bea1991_dreamer+
spotify:track:58L7sG65XXtW5zp4sqMvlF,Someone,Dreamer+,Sassy 009,2026-01-16,206658,1.0,False,"electronic, house, techno, experimental, norway, art pop, electropop, outsider house, norwegian, female vocalists",[PIAS] Électronique,0.736,0.66,1.0,-6.994,1.0,0.0355,0.000734,0.0348,0.113,0.372,129.936,,df_nmf_test,1.473684210526316,1.0,1.0,43.73684650075164,57.017302257419495,Sassy 009,sassy_009_dreamer+
spotify:track:1BCnNv1Vm955T48XS0AEKK,Mirrors,Dreamer+,Sassy 009;yunè pinku,2026-01-16,128770,1.0,False,"electronic, house, techno, experimental, norway, art pop, electropop, outsider house, norwegian, female vocalists",[PIAS] Électronique,0.446,0.56,6.0,-6.756,0.0,0.0397,0.412,0.634,0.124,0.598,75.312,,df_nmf_test,1.473684210526316,1.0,1.0,41.54584934023719,30.09301510703101,Sassy 009;yunè pinku,sassy_009;yunè_pinku_dreamer+
spotify:track:1FKkOiN5akroSoNPJ07FFL,Tell Me,Dreamer+,Sassy 009;Blood Orange,2026-01-16,169273,1.0,False,"electronic, house, techno, experimental, norway, art pop, electropop, outsider house, norwegian, female vocalists",[PIAS] Électronique,0.665,0.6,10.0,-6.592,0.0,0.0296,0.262,0.401,0.0883,0.195,136.001,,df_nmf_test,1.473684210526316,1.0,1.0,32.46354601636881,60.183324864557825,Sassy 009;Blood Orange,sassy_009;blood_orange_dreamer+
spotify:track:3YYFG7VUnrkQHhCpVnNPuS,My Candle,Dreamer+,Sassy 009,2026-01-16,248213,1.0,False,"electronic, house, techno, experimental, norway, art pop, electropop, outsider house, norwegian, female vocalists",[PIAS] Électronique,0.608,0.64,5.0,-6.192,0.0,0.041,0.038,0.312,0.114,0.262,116.958,,df_nmf_test,1.473684210526316,1.0,1.0,33.93936863203608,50.99064208625372,Sassy 009,sassy_009_dreamer+
spotify:track:01b6feVg0RzrhsdRMLcCvv,Enemy,Dreamer+,Sassy 009,2026-01-16,191922,1.0,False,"electronic, house, techno, experimental, norway, art pop, electropop, outsider house, norwegian, female vocalists",[PIAS] Électronique,0.568,0.729,11.0,-5.93,0.0,0.0336,0.00545,3.56e-05,0.123,0.138,101.749,,df_nmf_test,1.473684210526316,1.0,1.0,27.531735426757976,43.64855313715722,Sassy 009,sassy_009_dreamer+
spotify:track:0HT1ogJMb03nseDOPEHR7C,Ruins of a Lost Memory,Dreamer+,Sassy 009,2026-01-16,139579,1.0,False,"electronic, house, techno, experimental, norway, art pop, electropop, outsider house, norwegian, female vocalists",[PIAS] Électronique,0.263,0.1,2.0,-24.579,0.0,0.0416,0.924,0.655,0.25,0.211,76.492,,df_nmf_test,1.473684210526316,1.0,1.0,23.191080674795387,21.641558161520344,Sassy 009,sassy_009_dreamer+
spotify:track:7jTivrWVYkjTXUS9DnUOfK,locket theme,locket,Madison Beer,2026-01-16,88661,1.0,False,"female vocalist, pop, rnb, indie, indie pop, usa, american, madison beer, sexy, dance-pop",Epic/Sing It Loud,0.473,0.408,2.0,-5.843,1.0,0.0301,0.698,0.0,0.444,0.259,129.945,,df_nmf_test,1.473684210526316,100.0,23.5208006907332,41.87656589276766,57.46599096153711,Madison Beer,madison_beer_locket
spotify:track:2uvLpXs8bZAjee0l3KNnhx,yes baby,locket,Madison Beer,2026-01-16,175324,1.0,False,"female vocalist, pop, rnb, indie, indie pop, usa, american, madison beer, sexy, dance-pop",Epic/Sing It Loud,0.546,0.871,7.0,-5.507,1.0,0.0447,0.00136,0.0498,0.178,0.46,134.102,,df_nmf_test,1.473684210526316,100.0,23.5208006907332,42.20728244529815,59.9150011130866,Madison Beer,madison_beer_locket
spotify:track:5NZPt2NB5YVpVxbIYFXeAg,angel wings,locket,Madison Beer,2026-01-16,244214,1.0,False,"female vocalist, pop, rnb, indie, indie pop, usa, american, madison beer, sexy, dance-pop",Epic/Sing It Loud,0.521,0.66,0.0,-6.83,1.0,0.0486,0.351,0.000236,0.282,0.461,142.745,,df_nmf_test,1.473684210526316,100.0,23.5208006907332,45.51444797060298,63.42791740997226,Madison Beer,madison_beer_locket
spotify:track:5XnfNWIuyArQU732bZ6Nj1,for the night,locket,Madison Beer,2026-01-16,188845,1.0,False,"female vocalist, pop, rnb, indie, indie pop, usa, american, madison beer, sexy, dance-pop",Epic/Sing It Loud,0.626,0.358,9.0,-10.148,0.0,0.0338,0.811,5.31e-05,0.113,0.323,102.934,,df_nmf_test,1.473684210526316,100.0,23.5208006907332,37.16385501920829,41.96646464727134,Madison Beer,madison_beer_locket
spotify:track:01aNqddaggrPJYUIdRApRD,bad enough,locket,Madison Beer,2026-01-16,222512,1.0,False,"female vocalist, pop, rnb, indie, indie pop, usa, american, madison beer, sexy, dance-pop",Epic/Sing It Loud,0.501,0.592,3.0,-5.506,1.0,0.0297,0.172,1.34e-05,0.374,0.224,136.093,,df_nmf_test,1.473684210526316,100.0,23.5208006907332,38.69341907466177,60.76148101413669,Madison Beer,madison_beer_locket
spotify:track:3jYZFB7ohoWPuZ5wLhZkuk,healthy habit,locket,Madison Beer,2026-01-16,116343,1.0,False,"female vocalist, pop, rnb, indie, indie pop, usa, american, madison beer, sexy, dance-pop",Epic/Sing It Loud,0.405,0.327,3.0,-8.832,1.0,0.0299,0.812,0.0,0.108,0.191,101.013,,df_nmf_test,1.473684210526316,100.0,23.5208006907332,22.364289293469188,41.65218489416693,Madison Beer,madison_beer_locket
spotify:track:13T1nG7nwaoF8EUUwAQnlp,you're still everything,locket,Madison Beer,2026-01-16,209409,1.0,False,"female vocalist, pop, rnb, indie, indie pop, usa, american, madison beer, sexy, dance-pop",Epic/Sing It Loud,0.47,0.325,1.0,-9.4,1.0,0.0267,0.931,1.96e-06,0.11,0.242,94.01,,df_nmf_test,1.473684210526316,100.0,23.5208006907332,27.242358443293803,37.909982739670504,Madison Beer,madison_beer_locket
spotify:track:6vDVu9IM9s8L8XMQ1c1Yti,bittersweet,locket,Madison Beer,2026-01-16,202795,1.0,False,"female vocalist, pop, rnb, indie, indie pop, usa, american, madison beer, sexy, dance-pop",Epic/Sing It Loud,0.628,0.619,5.0,-7.229,1.0,0.0373,0.735,0.00123,0.214,0.177,109.971,,df_nmf_test,1.473684210526316,100.0,23.5208006907332,35.38625354935694,47.01520086970498,Madison Beer,madison_beer_locket
spotify:track:7zyYU4vIzdgs4wNTOpwKfA,complexity,locket,Madison Beer,2026-01-16,157241,1.0,False,"female vocalist, pop, rnb, indie, indie pop, usa, american, madison beer, sexy, dance-pop",Epic/Sing It Loud,0.543,0.84,1.0,-5.853,1.0,0.0913,0.202,7.02e-05,0.196,0.391,144.92,,df_nmf_test,1.473684210526316,100.0,23.5208006907332,39.974945715717396,65.07442705988404,Madison Beer,madison_beer_locket
spotify:track:4YMsS8OqXICdQXF5HNUxFq,make you mine,locket,Madison Beer,2026-01-16,221709,1.0,False,"female vocalist, pop, rnb, indie, indie pop, usa, american, madison beer, sexy, dance-pop",Epic/Sing It Loud,0.533,0.642,6.0,-6.315,0.0,0.0403,0.221,0.00697,0.238,0.488,123.128,,df_nmf_test,1.473684210526316,100.0,23.5208006907332,45.307750125271426,53.97975879463202,Madison Beer,madison_beer_locket
spotify:track:1DzjKKWbPIOo2afjAufLNi,nothing at all,locket,Madison Beer,2026-01-16,188006,1.0,False,"female vocalist, pop, rnb, indie, indie pop, usa, american, madison beer, sexy, dance-pop",Epic/Sing It Loud,0.369,0.508,5.0,-5.982,1.0,0.0392,0.782,1.7e-06,0.104,0.225,161.503,,df_nmf_test,1.473684210526316,100.0,23.5208006907332,22.11625187907132,73.04112231074782,Madison Beer,madison_beer_locket
spotify:track:1jux3g1YXNub0NkYbLTLIp,ORDER OF PROTECTION,Don't Be Dumb,A$AP Rocky,2026-01-16,171845,1.0,True,"hip-hop, rap, underground hip-hop, swag, hip hop, cloud rap, new york, trap, american",A$AP Worldwide/RCA Records,,,,,,,,,,,,,df_nmf_test,1.473684210526316,45.61270457171912,32.01305113179161,,,A$AP Rocky,a$ap_rocky_don't_be_dumb
spotify:track:6zJ68ym0Buv2TpuUu8tw9A,HELICOPTER,Don't Be Dumb,A$AP Rocky,2026-01-16,160966,1.0,True,"hip-hop, rap, underground hip-hop, swag, hip hop, cloud rap, new york, trap, american",A$AP Worldwide/RCA Records,0.68,0.656,1.0,-3.966,1.0,0.0314,0.000101,4.72e-05,0.107,0.229,134.028,,df_nmf_test,1.473684210526316,45.61270457171912,32.01305113179161,35.26223484215801,60.5336776081915,A$AP Rocky,a$ap_rocky_don't_be_dumb
spotify:track:6uqoRmGkz2p9GDgisc9TcN,INTERROGATION (SKIT),Don't Be Dumb,A$AP Rocky,2026-01-16,49047,1.0,True,"hip-hop, rap, underground hip-hop, swag, hip hop, cloud rap, new york, trap, american",A$AP Worldwide/RCA Records,,,,,,,,,,,,,df_nmf_test,1.473684210526316,45.61270457171912,32.01305113179161,,,A$AP Rocky,a$ap_rocky_don't_be_dumb
spotify:track:2FycFFuNMVVYIiIqeldXF5,STOLE YA FLOW,Don't Be Dumb,A$AP Rocky,2026-01-16,199015,1.0,True,"hip-hop, rap, underground hip-hop, swag, hip hop, cloud rap, new york, trap, american",A$AP Worldwide/RCA Records,,,,,,,,,,,,,df_nmf_test,1.473684210526316,45.61270457171912,32.01305113179161,,,A$AP Rocky,a$ap_rocky_don't_be_dumb
spotify:track:2xsTsnA5QOFCnFXdEHGkli,STAY HERE 4 LIFE,Don't Be Dumb,A$AP Rocky,2026-01-16,346093,1.0,True,"hip-hop, rap, underground hip-hop, swag, hip hop, cloud rap, new york, trap, american",A$AP Worldwide/RCA Records,,,,,,,,,,,,,df_nmf_test,1.473684210526316,45.61270457171912,32.01305113179161,,,A$AP Rocky,a$ap_rocky_don't_be_dumb
spotify:track:3sXsbaZlsTv2iJiEntsgM5,PLAYA,Don't Be Dumb,A$AP Rocky,2026-01-16,227423,1.0,True,"hip-hop, rap, underground hip-hop, swag, hip hop, cloud rap, new york, trap, american",A$AP Worldwide/RCA Records,,,,,,,,,,,,,df_nmf_test,1.473684210526316,45.61270457171912,32.01305113179161,,,A$AP Rocky,a$ap_rocky_don't_be_dumb
spotify:track:7eEnuNVAHQXEwg18zZnmdL,NO TRESPASSING,Don't Be Dumb,A$AP Rocky,2026-01-16,195130,1.0,True,"hip-hop, rap, underground hip-hop, swag, hip hop, cloud rap, new york, trap, american",A$AP Worldwide/RCA Records,,,,,,,,,,,,,df_nmf_test,1.473684210526316,45.61270457171912,32.01305113179161,,,A$AP Rocky,a$ap_rocky_don't_be_dumb
spotify:track:2lSDVBIWbWQ7z5Lw15GRNw,STOP SNITCHING,Don't Be Dumb,A$AP Rocky,2026-01-16,200170,1.0,True,"hip-hop, rap, underground hip-hop, swag, hip hop, cloud rap, new york, trap, american",A$AP Worldwide/RCA Records,,,,,,,,,,,,,df_nmf_test,1.473684210526316,45.61270457171912,32.01305113179161,,,A$AP Rocky,a$ap_rocky_don't_be_dumb
spotify:track:2pwOJNlr5TJaR30dJIqK9M,STFU,Don't Be Dumb,A$AP Rocky,2026-01-16,178673,1.0,True,"hip-hop, rap, underground hip-hop, swag, hip hop, cloud rap, new york, trap, american",A$AP Worldwide/RCA Records,,,,,,,,,,,,,df_nmf_test,1.473684210526316,45.61270457171912,32.01305113179161,,,A$AP Rocky,a$ap_rocky_don't_be_dumb
spotify:track:1AXsHbdIYx2OyKmdOcIL5T,PUNK ROCKY,Don't Be Dumb,A$AP Rocky,2026-01-16,234151,1.0,True,"hip-hop, rap, underground hip-hop, swag, hip hop, cloud rap, new york, trap, american",A$AP Worldwide/RCA Records,0.637,0.845,0.0,-4.13,1.0,0.0304,0.0102,0.0276,0.148,0.642,140.043,,df_nmf_test,1.473684210526316,45.61270457171912,32.01305113179161,52.25279772841156,63.51834696157305,A$AP Rocky,a$ap_rocky_don't_be_dumb
spotify:track:4WGk4UwyQD0mxTN6gEL4wl,AIR FORCE (BLACK DEMARCO),Don't Be Dumb,A$AP Rocky,2026-01-16,224279,1.0,True,"hip-hop, rap, underground hip-hop, swag, hip hop, cloud rap, new york, trap, american",A$AP Worldwide/RCA Records,,,,,,,,,,,,,df_nmf_test,1.473684210526316,45.61270457171912,32.01305113179161,,,A$AP Rocky,a$ap_rocky_don't_be_dumb
spotify:track:69AHqDMcDKyxKL1lNNCIve,WHISKEY (RELEASE ME),Don't Be Dumb,A$AP Rocky,2026-01-16,245988,1.0,True,"hip-hop, rap, underground hip-hop, swag, hip hop, cloud rap, new york, trap, american",A$AP Worldwide/RCA Records,,,,,,,,,,,,,df_nmf_test,1.473684210526316,45.61270457171912,32.01305113179161,,,A$AP Rocky,a$ap_rocky_don't_be_dumb
spotify:track:5FYaSV8TLF7qvonB1BDOw0,ROBBERY,Don't Be Dumb,A$AP Rocky,2026-01-16,235206,1.0,True,"hip-hop, rap, underground hip-hop, swag, hip hop, cloud rap, new york, trap, american",A$AP Worldwide/RCA Records,,,,,,,,,,,,,df_nmf_test,1.473684210526316,45.61270457171912,32.01305113179161,,,A$AP Rocky,a$ap_rocky_don't_be_dumb
spotify:track:2JfyjfqbQrTXMzH8n0fOht,DON'T BE DUMB / TRIP BABY,Don't Be Dumb,A$AP Rocky,2026-01-16,285634,1.0,True,"hip-hop, rap, underground hip-hop, swag, hip hop, cloud rap, new york, trap, american",A$AP Worldwide/RCA Records,,,,,,,,,,,,,df_nmf_test,1.473684210526316,45.61270457171912,32.01305113179161,,,A$AP Rocky,a$ap_rocky_don't_be_dumb
spotify:track:22FKiBdLUCRHlZJthzTlAy,THE END,Don't Be Dumb,A$AP Rocky,2026-01-16,214777,1.0,True,"hip-hop, rap, underground hip-hop, swag, hip hop, cloud rap, new york, trap, american",A$AP Worldwide/RCA Records,,,,,,,,,,,,,df_nmf_test,1.473684210526316,45.61270457171912,32.01305113179161,,,A$AP Rocky,a$ap_rocky_don't_be_dumb
spotify:track:4vYazVB0YNgKBjG3EQmT02,SWAT TEAM,Don't Be Dumb,A$AP Rocky,2026-01-16,192333,1.0,True,"hip-hop, rap, underground hip-hop, swag, hip hop, cloud rap, new york, trap, american",A$AP Worldwide/RCA Records,,,,,,,,,,,,,df_nmf_test,1.473684210526316,45.61270457171912,32.01305113179161,,,A$AP Rocky,a$ap_rocky_don't_be_dumb
spotify:track:6qJjgYxhZ3gBTm4TI8t41e,FISH N STEAK (WHAT IT IS),Don't Be Dumb,A$AP Rocky,2026-01-16,229102,1.0,True,"hip-hop, rap, underground hip-hop, swag, hip hop, cloud rap, new york, trap, american",A$AP Worldwide/RCA Records,,,,,,,,,,,,,df_nmf_test,1.473684210526316,45.61270457171912,32.01305113179161,,,A$AP Rocky,a$ap_rocky_don't_be_dumb
spotify:track:4LYAAdrzGJjPYl51nriCKK,Strange Taxidermy,So Much Country ‘Till We Get There,Westside Cowboy,2026-01-16,292292,1.0,False,uk,Universal-Island Records Ltd.,0.383,0.44,2.0,-9.656,1.0,0.0334,0.47,0.11,0.117,0.277,118.088,,df_nmf_test,36.05263157894737,52.895797007834645,8.719900570858414,25.38207783530984,49.738464579388015,Westside Cowboy,westside_cowboy_so_much_country_‘till_we_get_there
spotify:track:1dI95ZNJzyCa3CMOkTjsSx,Can't See,So Much Country ‘Till We Get There,Westside Cowboy,2026-01-16,146127,1.0,False,uk,Universal-Island Records Ltd.,0.394,0.866,11.0,-6.89,0.0,0.0617,0.0488,0.803,0.348,0.537,174.513,,df_nmf_test,36.05263157894737,52.895797007834645,8.719900570858414,46.13454150659763,79.19823822848524,Westside Cowboy,westside_cowboy_so_much_country_‘till_we_get_there
spotify:track:04cJ1hFXt4ouGCnm7n74Ke,Don't Throw Rocks,So Much Country ‘Till We Get There,Westside Cowboy,2026-01-16,181870,1.0,False,uk,Universal-Island Records Ltd.,0.354,0.725,7.0,-8.022,1.0,0.0676,0.0593,0.605,0.106,0.153,185.537,,df_nmf_test,36.05263157894737,52.895797007834645,8.719900570858414,18.60238850843494,84.01670029219771,Westside Cowboy,westside_cowboy_so_much_country_‘till_we_get_there
spotify:track:40djaMcmyN9swAusjs4dvE,The Wahs,So Much Country ‘Till We Get There,Westside Cowboy,2026-01-16,144286,1.0,False,uk,Universal-Island Records Ltd.,0.249,0.831,0.0,-5.814,1.0,0.0705,0.0459,0.543,0.255,0.471,128.45,,df_nmf_test,36.05263157894737,52.895797007834645,8.719900570858414,33.567312510439294,56.95059193246807,Westside Cowboy,westside_cowboy_so_much_country_‘till_we_get_there
spotify:track:6PIi4vfJTP6WkQNExr2Mgm,In The Morning,So Much Country ‘Till We Get There,Westside Cowboy,2026-01-16,112008,1.0,False,uk,Universal-Island Records Ltd.,0.374,0.175,4.0,-13.979,1.0,0.0395,0.931,0.0,0.107,0.486,165.167,,df_nmf_test,36.05263157894737,52.895797007834645,8.719900570858414,33.2365959579088,70.73541582020506,Westside Cowboy,westside_cowboy_so_much_country_‘till_we_get_there
spotify:track:1ISCIXiQ6PHTPDD8oQId9E,Rocket,BRITPOP,Robbie Williams;Tony Iommi,2026-01-16,166432,1.0,False,"pop, britpop, british, rock, male vocalists, pop rock, robbie williams, singer-songwriter, alternative",Columbia,0.305,0.957,6.0,-4.464,1.0,0.066,0.000104,4.85e-06,0.381,0.524,178.108,,df_nmf_test,84.36842105263159,47.019965633348455,1.0,43.282111241022214,82.21848642184084,Robbie Williams;Tony Iommi,robbie_williams;tony_iommi_britpop
spotify:track:6VfOJPrdMK4KZN9LidPP4i,Spies,BRITPOP,Robbie Williams,2026-01-16,204640,1.0,False,"pop, britpop, british, rock, male vocalists, pop rock, robbie williams, singer-songwriter, alternative",Columbia,0.36,0.857,0.0,-2.818,1.0,0.0365,0.000412,0.0,0.138,0.236,161.879,,df_nmf_test,84.36842105263159,47.019965633348455,1.0,23.604476365458495,74.96287381990356,Robbie Williams,robbie_williams_britpop
spotify:track:7dFxQHTxwxo6vdHDyTnPwF,Pretty Face,BRITPOP,Robbie Williams,2026-01-16,227183,1.0,False,"pop, britpop, british, rock, male vocalists, pop rock, robbie williams, singer-songwriter, alternative",Columbia,0.406,0.925,4.0,-2.439,1.0,0.0446,0.00219,0.0,0.242,0.419,124.045,,df_nmf_test,84.36842105263159,47.019965633348455,1.0,37.37055286453983,56.48806701280498,Robbie Williams,robbie_williams_britpop
spotify:track:6Sq3lPxd32Fby00hyfZePP,Bite Your Tongue,BRITPOP,Robbie Williams,2026-01-16,170435,1.0,False,"pop, britpop, british, rock, male vocalists, pop rock, robbie williams, singer-songwriter, alternative",Columbia,0.392,0.872,0.0,-3.891,1.0,0.223,0.000244,1.2e-06,0.0686,0.356,161.915,,df_nmf_test,84.36842105263159,47.019965633348455,1.0,27.01912477033573,74.45785195249364,Robbie Williams,robbie_williams_britpop
spotify:track:6UPip7SZR3ohgA7Fk1arAj,Cocky,BRITPOP,Robbie Williams,2026-01-16,187503,1.0,True,"pop, britpop, british, rock, male vocalists, pop rock, robbie williams, singer-songwriter, alternative",Columbia,0.511,0.873,1.0,-3.684,1.0,0.0369,0.00993,2.7e-06,0.21,0.409,115.94,,df_nmf_test,84.36842105263159,47.019965633348455,1.0,39.97494571571739,51.84206349285577,Robbie Williams,robbie_williams_britpop
spotify:track:3qoYpBpcGmKiQkNJBwCpDA,All My Life,BRITPOP,Robbie Williams,2026-01-16,233026,1.0,False,"pop, britpop, british, rock, male vocalists, pop rock, robbie williams, singer-songwriter, alternative",Columbia,0.433,0.891,2.0,-3.488,1.0,0.0442,0.00134,0.0,0.233,0.459,98.029,,df_nmf_test,84.36842105263159,47.019965633348455,1.0,39.76824787038584,43.09708111755891,Robbie Williams,robbie_williams_britpop
spotify:track:6qG5u4z51ErZc17hKR666O,Human (feat. Jesse & Joy),BRITPOP,Robbie Williams;Jesse & Joy,2026-01-16,243795,1.0,False,"pop, britpop, british, rock, male vocalists, pop rock, robbie williams, singer-songwriter, alternative",Columbia,0.529,0.531,7.0,-5.253,1.0,0.0275,0.495,1.08e-06,0.155,0.178,91.921,,df_nmf_test,84.36842105263159,47.019965633348455,1.0,28.895941205946222,39.028739596633386,Robbie Williams;Jesse & Joy,robbie_williams;jesse_&_joy_britpop
spotify:track:7g0QI7P5ef3nhu3CeKL6kN,Morrissey,BRITPOP,Robbie Williams,2026-01-16,215193,1.0,False,"pop, britpop, british, rock, male vocalists, pop rock, robbie williams, singer-songwriter, alternative",Columbia,0.653,0.87,0.0,-4.729,1.0,0.0407,0.0304,2.5e-06,0.165,0.342,110.018,,df_nmf_test,84.36842105263159,47.019965633348455,1.0,41.21513278770671,48.39783412314232,Robbie Williams,robbie_williams_britpop
spotify:track:1U8IGdUiBSuhencP4PvYDE,You,BRITPOP,Robbie Williams,2026-01-16,222810,1.0,True,"pop, britpop, british, rock, male vocalists, pop rock, robbie williams, singer-songwriter, alternative",Columbia,0.536,0.917,1.0,-4.887,1.0,0.0866,0.00778,1.42e-05,0.342,0.139,119.999,,df_nmf_test,84.36842105263159,47.019965633348455,1.0,35.303574411224325,53.27510010292306,Robbie Williams,robbie_williams_britpop
spotify:track:7y9IUELiNsK2DmqztlRsLo,It's OK Until The Drugs Stop Working,BRITPOP,Robbie Williams,2026-01-16,196141,1.0,False,"pop, britpop, british, rock, male vocalists, pop rock, robbie williams, singer-songwriter, alternative",Columbia,0.457,0.792,11.0,-2.759,0.0,0.0344,0.000871,0.0,0.102,0.627,120.014,,df_nmf_test,84.36842105263159,47.019965633348455,1.0,42.289961583430774,54.27229592330782,Robbie Williams,robbie_williams_britpop
spotify:track:6U02zETq4uqyb456IVW4et,Pocket Rocket,BRITPOP,Robbie Williams,2026-01-16,226704,1.0,False,"pop, britpop, british, rock, male vocalists, pop rock, robbie williams, singer-songwriter, alternative",Columbia,0.419,0.353,1.0,-10.795,1.0,0.0297,0.628,0.00522,0.127,0.247,107.031,,df_nmf_test,84.36842105263159,47.019965633348455,1.0,26.0435109403708,43.668813309920246,Robbie Williams,robbie_williams_britpop
spotify:track:3zGM6nVT1ZPV1gHaqtJVSt,"Go on, move your body",Jana Horn,Jana Horn,2026-01-16,215577,1.0,False,"lo-fi, folk, indie folk, indie, singer-songwriter, austin, usa, texas, united states, haunting",No Quarter,0.49,0.169,0.0,-15.468,1.0,0.0295,0.317,0.555,0.155,0.103,104.089,,df_nmf_test,10.473684210526317,100.0,19.05427597364018,24.183230332386838,39.81493312994961,Jana Horn,jana_horn_jana_horn
spotify:track:0XG9chj5kOTRlkK62N0G6L,Don't think,Jana Horn,Jana Horn,2026-01-16,184450,1.0,False,"lo-fi, folk, indie folk, indie, singer-songwriter, austin, usa, texas, united states, haunting",No Quarter,0.59,0.221,7.0,-15.219,1.0,0.0297,0.924,0.609,0.0983,0.0905,111.882,,df_nmf_test,10.473684210526317,100.0,19.05427597364018,25.4564890596292,43.81458772370294,Jana Horn,jana_horn_jana_horn
spotify:track:3dg17VKUuVJUHkgh6FewpW,All in bet,Jana Horn,Jana Horn,2026-01-16,266077,1.0,False,"lo-fi, folk, indie folk, indie, singer-songwriter, austin, usa, texas, united states, haunting",No Quarter,0.486,0.263,9.0,-13.868,1.0,0.0288,0.88,0.319,0.119,0.184,129.904,,df_nmf_test,10.473684210526317,100.0,19.05427597364018,25.878152664105556,53.40852075282588,Jana Horn,jana_horn_jana_horn
spotify:track:23nKS0LZg77dp7Ng6eQNLo,Come on,Jana Horn,Jana Horn,2026-01-16,249648,1.0,False,"lo-fi, folk, indie folk, indie, singer-songwriter, austin, usa, texas, united states, haunting",No Quarter,0.483,0.173,7.0,-15.325,1.0,0.0318,0.844,0.245,0.103,0.152,119.803,,df_nmf_test,10.473684210526317,100.0,19.05427597364018,23.769834641723737,47.65265508590732,Jana Horn,jana_horn_jana_horn
spotify:track:59C5gcPtmc9U2tjLV8o4b1,Love,Jana Horn,Jana Horn,2026-01-16,80353,1.0,False,"lo-fi, folk, indie folk, indie, singer-songwriter, austin, usa, texas, united states, haunting",No Quarter,0.502,0.339,3.0,-14.528,1.0,0.0328,0.873,0.137,0.14,0.454,81.046,,df_nmf_test,10.473684210526317,100.0,19.05427597364018,38.56940036746284,28.97672900284411,Jana Horn,jana_horn_jana_horn
spotify:track:7gpb0m3k4MgYgiXc30pujQ,It's alright,Jana Horn,Jana Horn,2026-01-16,208925,1.0,False,"lo-fi, folk, indie folk, indie, singer-songwriter, austin, usa, texas, united states, haunting",No Quarter,0.65,0.317,10.0,-13.536,1.0,0.0346,0.904,0.581,0.115,0.218,110.823,,df_nmf_test,10.473684210526317,100.0,19.05427597364018,33.89802906296977,44.170376123443795,Jana Horn,jana_horn_jana_horn
spotify:track:1lLE3UPNa4Xn9KeprnBCUy,Unused,Jana Horn,Jana Horn,2026-01-16,293763,1.0,False,"lo-fi, folk, indie folk, indie, singer-songwriter, austin, usa, texas, united states, haunting",No Quarter,0.527,0.191,2.0,-15.013,1.0,0.0293,0.894,0.22,0.0839,0.19,140.7,,df_nmf_test,10.473684210526317,100.0,19.05427597364018,26.37009353599466,58.14198892104471,Jana Horn,jana_horn_jana_horn
spotify:track:1e6vuiaCZRdDpRGAFG80fp,Designer,Jana Horn,Jana Horn,2026-01-16,243737,1.0,False,"lo-fi, folk, indie folk, indie, singer-songwriter, austin, usa, texas, united states, haunting",No Quarter,0.489,0.371,4.0,-14.688,0.0,0.0249,0.572,0.297,0.109,0.18,83.602,,df_nmf_test,10.473684210526317,100.0,19.05427597364018,25.423417404376156,30.17652655085907,Jana Horn,jana_horn_jana_horn
spotify:track:0bvsdVrO6gs4GDUESKLsOv,Without,Jana Horn,Jana Horn,2026-01-16,224001,1.0,False,"lo-fi, folk, indie folk, indie, singer-songwriter, austin, usa, texas, united states, haunting",No Quarter,0.591,0.202,4.0,-16.102,1.0,0.0355,0.924,0.771,0.0879,0.0894,118.104,,df_nmf_test,10.473684210526317,100.0,19.05427597364018,25.02242358443294,46.44346867734364,Jana Horn,jana_horn_jana_horn
spotify:track:4RDqOByaYvdzSd1jOjuOmf,Untitled (Cig),Jana Horn,Jana Horn,2026-01-16,243392,1.0,False,"lo-fi, folk, indie folk, indie, singer-songwriter, austin, usa, texas, united states, haunting",No Quarter,0.225,0.0664,7.0,-18.622,1.0,0.034,0.983,0.0699,0.228,0.0397,85.436,,df_nmf_test,10.473684210526317,100.0,19.05427597364018,13.629238349757815,28.98829212583569,Jana Horn,jana_horn_jana_horn
spotify:track:0NAVDYbwEquhP0P0R4688U,Eyeball,Eyeball,They Might Be Giants,2026-01-15,134000,1.0,False,"alternative, geek rock, indie, rock, alternative rock, quirky, indie rock, college rock, american, indie pop",Idlewild Recordings,0.662,0.786,2.0,-3.468,1.0,0.0265,0.0105,1.76e-05,0.256,0.679,128.014,,df_nmf_test,1.473684210526316,100.0,17.64262039823374,59.28052446968434,57.87218271790792,They Might Be Giants,they_might_be_giants_eyeball
spotify:track:6P0dep9ODgOXHIw7ezn3II,The Glamour of Rock,Eyeball,They Might Be Giants,2026-01-15,92000,1.0,False,"alternative, geek rock, indie, rock, alternative rock, quirky, indie rock, college rock, american, indie pop",Idlewild Recordings,0.504,0.677,7.0,-5.099,0.0,0.077,0.0516,0.00308,0.192,0.552,90.743,,df_nmf_test,1.473684210526316,100.0,17.64262039823374,44.85301486554201,38.594875409171635,They Might Be Giants,they_might_be_giants_eyeball
spotify:track:6bbU3FK6NFQMkLR1OqX7s5,Peggy Guggenheim,Eyeball,They Might Be Giants,2026-01-15,151000,1.0,False,"alternative, geek rock, indie, rock, alternative rock, quirky, indie rock, college rock, american, indie pop",Idlewild Recordings,0.646,0.566,1.0,-6.814,1.0,0.045,0.000878,0.873,0.205,0.57,86.842,,df_nmf_test,1.473684210526316,100.0,17.64262039823374,52.0047603140137,35.76487517956632,They Might Be Giants,they_might_be_giants_eyeball
spotify:track:6UXUbYjTObOTCuAZNV2FlV,Eyeball (Elegant Too remix),Eyeball,They Might Be Giants;The Elegant Too,2026-01-15,134000,1.0,False,"alternative, geek rock, indie, rock, alternative rock, quirky, indie rock, college rock, american, indie pop",Idlewild Recordings,0.754,0.841,11.0,-4.271,0.0,0.0589,0.13,0.0,0.0762,0.81,128.003,,df_nmf_test,1.473684210526316,100.0,1.0,61.06639385334894,57.497122446514425,They Might Be Giants;The Elegant Too,they_might_be_giants;the_elegant_too_eyeball
