Track ID,Track Name,Album Name,Artist Name(s),Release Date,Duration (ms),Popularity,Added By,Added At,Genres,Record Label,Danceability,Energy,Key,Loudness,Mode,Speechiness,Acousticness,Instrumentalness,Liveness,Valence,Tempo,Time Signature
3y0DIcBw075qzj3dOwJ5aL,"From The Gods","Food From the Gods","Black Milk,Fat Ray",2025-02-13,88678,26,jaytroymo,2025-02-14T06:13:23Z,"alternative hip hop,underground hip hop","Fat Beats Records",0.512,0.678,9,-8.414,0,0.408,0.449,0.118,0.376,0.559,89.45,3
6TR2jKnq9yFwk3oqKUTnWp,"ELDERBERRY","Food From the Gods","Black Milk,Fat Ray",2025-02-13,189000,27,jaytroymo,2025-02-14T06:13:23Z,"alternative hip hop,underground hip hop","Fat Beats Records",0.513,0.787,2,-7.407,1,0.347,0.454,0.00431,0.0916,0.634,81.092,4
6UC2W5IR7lx3BQGsWf4qD3,"Talcum","Food From the Gods","Black Milk,Fat Ray",2025-02-13,156144,27,jaytroymo,2025-02-14T06:13:23Z,"alternative hip hop,underground hip hop","Fat Beats Records",0.419,0.749,11,-6.015,0,0.24,0.66,0.0000054,0.215,0.628,79.591,4
7HSjLESxFyDRrmq6AdGkJh,"CANE","Food From the Gods","Black Milk,Fat Ray,Guilty Simpson",2025-02-13,149010,26,jaytroymo,2025-02-14T06:13:23Z,"alternative hip hop,underground hip hop,boom bap","Fat Beats Records",0.611,0.926,8,-6.045,1,0.28,0.219,0,0.443,0.719,90.831,4
1XZqPCN9JU3xtnS0aC72UC,"Just Say No","Food From the Gods","Black Milk,Fat Ray,Danny Brown",2025-02-13,201276,31,jaytroymo,2025-02-14T06:13:23Z,"alternative hip hop,underground hip hop,experimental hip hop","Fat Beats Records",0.488,0.633,4,-8.114,0,0.206,0.737,0.261,0.363,0.907,90.02,4
740AFUh7AaPf8c0laLnNZp,"Double It","Food From the Gods","Black Milk,Fat Ray",2025-02-13,130697,24,jaytroymo,2025-02-14T06:13:23Z,"alternative hip hop,underground hip hop","Fat Beats Records",0.501,0.865,8,-6.663,1,0.781,0.281,0,0.372,0.498,188.31,4
6bkkdh0UkhSXZiXlVROpWS,"Franky Lymon","Food From the Gods","Black Milk,Fat Ray,Bruiser Wolf",2025-02-13,201430,24,jaytroymo,2025-02-14T06:13:23Z,"alternative hip hop,underground hip hop,experimental hip hop","Fat Beats Records",0.407,0.665,8,-7.223,0,0.0704,0.802,0.000196,0.114,0.65,80.679,4
0sfx8QYo00DGu21fnT7cut,"EL HONGO (The Mushroom)","Food From the Gods","Black Milk,Fat Ray",2025-02-13,107306,22,jaytroymo,2025-02-14T06:13:23Z,"alternative hip hop,underground hip hop","Fat Beats Records",0.555,0.811,2,-6.371,0,0.427,0.819,0.00000457,0.124,0.488,76.273,4
5GGRmxOA3NqBorn95MwdB1,"STASH","Food From the Gods","Black Milk,Fat Ray",2025-02-13,220316,23,jaytroymo,2025-02-14T06:13:23Z,"alternative hip hop,underground hip hop","Fat Beats Records",0.497,0.665,2,-8.153,1,0.323,0.837,0,0.308,0.668,139.2,4
1pMtWwns21QalaDEWETnRf,"Gotta Know","Food From the Gods","Black Milk,Fat Ray",2025-02-13,133333,22,jaytroymo,2025-02-14T06:13:23Z,"alternative hip hop,underground hip hop","Fat Beats Records",0.681,0.712,1,-8.495,1,0.264,0.58,0.000765,0.782,0.766,92.248,4
4XtD0CRjWIiVLFZSQySogS,"Daily Bread","Food From the Gods","Black Milk,Fat Ray",2025-02-13,73477,22,jaytroymo,2025-02-14T06:13:23Z,"alternative hip hop,underground hip hop","Fat Beats Records",0.575,0.87,1,-9.472,1,0.0397,0.00223,0.81,0.117,0.218,95.56,4
1f33bOwI2830T4ZwiNHDMz,"The Night Comes For You","Out of Body","Last Days of Heaven",2025-02-14,334750,1,jaytroymo,2025-02-14T14:44:21Z,"","NEW MORALITY ZINE",0.396,0.802,9,-4.217,1,0.0465,0.0000233,0.899,0.281,0.176,110.042,4
4u2fXuG2IPgVUE4H8WWkPX,"Pain Machine","Out of Body","Last Days of Heaven",2025-02-14,216967,1,jaytroymo,2025-02-14T14:44:21Z,"","NEW MORALITY ZINE",0.257,0.543,6,-9.001,0,0.0293,0.000454,0.69,0.164,0.648,189.857,4
1bsCsrDoRRcKxUjGZHU24x,"Nothing Left to Torture","Out of Body","Last Days of Heaven,Jasper Byrne",2025-02-14,271793,0,jaytroymo,2025-02-14T14:44:21Z,"synthwave,vaporwave","NEW MORALITY ZINE",0.302,0.858,9,-4.332,1,0.0384,0.0000928,0.354,0.104,0.287,180.148,4
5UlnHiAXBfAvvSgHNms8mU,"Before the Sadness","Out of Body","Last Days of Heaven,Almma",2025-02-14,218453,0,jaytroymo,2025-02-14T14:44:21Z,"","NEW MORALITY ZINE",0.497,0.694,1,-7.541,0,0.0255,0.0565,0.743,0.159,0.277,99.952,4
62RxIAm3jE33v65IyaUtUS,"Babygirl","Out of Body","Last Days of Heaven,Almma",2025-02-14,233788,1,jaytroymo,2025-02-14T14:44:21Z,"","NEW MORALITY ZINE",0.452,0.533,1,-8.086,0,0.0276,0.0016,0.617,0.103,0.0709,95.976,4
51nV3C1hpbfKBi4bXiyDkv,"Where'd You Go?","Phonetics On and On","Horsegirl",2025-02-14,101439,36,mmr4r23xnc6oh1c77lysfbqg4,2025-02-14T14:47:13Z,"","Matador",0.434,0.873,4,-3.335,1,0.0319,0.135,0.975,0.0878,0.929,152.627,4
2fyxdNYZGJVESN4ToVw0lM,"Rock City","Phonetics On and On","Horsegirl",2025-02-14,229196,36,mmr4r23xnc6oh1c77lysfbqg4,2025-02-14T14:47:13Z,"","Matador",0.551,0.73,7,-5.003,1,0.0285,0.283,0.374,0.154,0.555,109.403,4
5XiQhjQXoCUHrj9u8ri1vf,"In Twos","Phonetics On and On","Horsegirl",2025-02-14,277264,35,mmr4r23xnc6oh1c77lysfbqg4,2025-02-14T14:47:13Z,"","Matador",0.847,0.399,1,-8.092,0,0.0437,0.421,0.402,0.101,0.203,101.043,4
4eTTNTTWTR2KpbwDHumCbn,"2468","Phonetics On and On","Horsegirl",2025-02-14,197688,34,mmr4r23xnc6oh1c77lysfbqg4,2025-02-14T14:47:13Z,"","Matador",0.448,0.695,0,-4.174,1,0.0268,0.105,0.00769,0.131,0.505,104.297,4
2t1PBeyHtPyGaHvxh3lLoY,"Well I Know You're Shy","Phonetics On and On","Horsegirl",2025-02-14,209257,34,mmr4r23xnc6oh1c77lysfbqg4,2025-02-14T14:47:13Z,"","Matador",0.418,0.759,0,-4.148,1,0.0311,0.0956,0.0341,0.101,0.591,165.753,4
6Lbl8SzHxHO2P3BjMgW5HZ,"Julie","Phonetics On and On","Horsegirl",2025-02-14,277199,33,mmr4r23xnc6oh1c77lysfbqg4,2025-02-14T14:47:13Z,"","Matador",0.808,0.58,4,-6.687,1,0.0394,0.471,0.816,0.0993,0.481,88.016,4
1SFVei3ZUf3EuJdvKqmGKv,"Switch Over","Phonetics On and On","Horsegirl",2025-02-14,185915,33,mmr4r23xnc6oh1c77lysfbqg4,2025-02-14T14:47:13Z,"","Matador",0.506,0.827,9,-4.766,1,0.0356,0.152,0.000013,0.204,0.819,129.243,4
3sunB1mnTUu0ewjrZV4SZx,"Information Content","Phonetics On and On","Horsegirl",2025-02-14,243193,32,mmr4r23xnc6oh1c77lysfbqg4,2025-02-14T14:47:13Z,"","Matador",0.624,0.677,7,-4.18,1,0.0286,0.253,0.153,0.122,0.873,114.08,4
0zWfDeOJvTkHWfLWSsbFqe,"Frontrunner","Phonetics On and On","Horsegirl",2025-02-14,172542,32,mmr4r23xnc6oh1c77lysfbqg4,2025-02-14T14:47:13Z,"","Matador",0.479,0.507,8,-10.492,1,0.0328,0.842,0.00623,0.112,0.54,180.192,4
2Ac4ZyuaRRWz8E1mchEPhG,"Sport Meets Sound","Phonetics On and On","Horsegirl",2025-02-14,222358,31,mmr4r23xnc6oh1c77lysfbqg4,2025-02-14T14:47:13Z,"","Matador",0.517,0.734,4,-3.967,1,0.0285,0.18,0.738,0.157,0.606,95.124,4
66SSjvjC0MreMmN5r9VaF4,"I Can't Stand To See You","Phonetics On and On","Horsegirl",2025-02-14,151246,31,mmr4r23xnc6oh1c77lysfbqg4,2025-02-14T14:47:13Z,"","Matador",0.511,0.83,0,-3.108,1,0.0353,0.139,0.706,0.141,0.571,80.122,4
4pRyxHjXhAuEGE4CITYMGS,"Too Much","Horror","Bartees Strange",2025-02-14,214916,30,mmr4r23xnc6oh1c77lysfbqg4,2025-02-14T14:54:56Z,"","4AD",0.533,0.839,11,-7.3,1,0.0429,0.0564,0.00273,0.4,0.626,89.981,4
5f2KsFjph9ygrron1guuNq,"Hit It Quit It","Horror","Bartees Strange",2025-02-14,159403,29,mmr4r23xnc6oh1c77lysfbqg4,2025-02-14T14:54:56Z,"","4AD",0.731,0.702,4,-6.458,0,0.0619,0.0224,0.0118,0.142,0.673,119.995,4
4TdNha99Qw51SxsKjTa4nU,"Sober","Horror","Bartees Strange",2025-02-14,221429,28,mmr4r23xnc6oh1c77lysfbqg4,2025-02-14T14:54:56Z,"","4AD",0.732,0.652,7,-8.584,0,0.0301,0.00584,0.215,0.173,0.509,127.97,4
7jAtKbKisVUz4ugEHRa7fo,"Baltimore","Horror","Bartees Strange",2025-02-14,245536,28,mmr4r23xnc6oh1c77lysfbqg4,2025-02-14T14:54:56Z,"","4AD",0.677,0.32,11,-12.301,0,0.0372,0.267,0.000208,0.0924,0.422,124.691,4
6VGW6dJG6394stFcB5WBZb,"Lie 95","Horror","Bartees Strange",2025-02-14,161555,27,mmr4r23xnc6oh1c77lysfbqg4,2025-02-14T14:54:56Z,"","4AD",0.608,0.423,0,-11.023,1,0.0416,0.196,0.00541,0.103,0.426,183.964,4
6moJbcFyKVy0bNRyHtBcKr,"Wants Needs","Horror","Bartees Strange",2025-02-14,298846,27,mmr4r23xnc6oh1c77lysfbqg4,2025-02-14T14:54:56Z,"","4AD",0.402,0.819,0,-7.44,1,0.0711,0.0007,0.241,0.374,0.399,162.669,4
5c6X0X5UJKmzlRbTzHFROU,"Lovers","Horror","Bartees Strange",2025-02-14,234014,26,mmr4r23xnc6oh1c77lysfbqg4,2025-02-14T14:54:56Z,"","4AD",0.665,0.538,11,-10.362,0,0.0537,0.574,0.585,0.0904,0.301,140.037,4
4KYgaLnzcdr9PhBNrVN7ap,"Doomsday Buttercup","Horror","Bartees Strange",2025-02-14,167472,26,mmr4r23xnc6oh1c77lysfbqg4,2025-02-14T14:54:56Z,"","4AD",0.737,0.443,7,-12.941,1,0.0499,0.684,0.661,0.234,0.643,135.01,4
0u5mVQmhZhyIq91H3PUndr,"17","Horror","Bartees Strange",2025-02-14,230211,25,mmr4r23xnc6oh1c77lysfbqg4,2025-02-14T14:54:56Z,"","4AD",0.484,0.507,7,-8.49,1,0.0551,0.128,0.00337,0.122,0.194,140.325,4
2hj2JEM2yDIU65TkKzx5va,"Loop Defenders","Horror","Bartees Strange",2025-02-14,208798,25,mmr4r23xnc6oh1c77lysfbqg4,2025-02-14T14:54:56Z,"","4AD",0.641,0.713,9,-8.661,0,0.0303,0.000745,0.0151,0.201,0.595,105.974,4
5bFgVgHbZkatgRhI8LPgd4,"Norf Gun","Horror","Bartees Strange",2025-02-14,180938,24,mmr4r23xnc6oh1c77lysfbqg4,2025-02-14T14:54:56Z,"","4AD",0.77,0.732,9,-7.982,0,0.0916,0.0779,0.000798,0.277,0.418,92.517,4
4thz5RjPS2PuONIaK4u2TQ,"Backseat Banton","Horror","Bartees Strange",2025-02-14,211289,25,mmr4r23xnc6oh1c77lysfbqg4,2025-02-14T14:54:56Z,"","4AD",0.687,0.855,0,-6.266,1,0.0484,0.0264,0.102,0.0985,0.44,113.992,3
585gUVdyY7LUmM7gv2YapJ,"Focus Ring","Anything At All","Denison Witmer,Sufjan Stevens",2025-02-14,147586,23,mmr4r23xnc6oh1c77lysfbqg4,2025-02-14T14:55:03Z,"chamber pop,baroque pop","Asthmatic Kitty",0.498,0.384,5,-10.681,1,0.0343,0.756,0.000267,0.136,0.343,143.524,4
3GeolryY1f1GGXAWlwTr2X,"Older and Free","Anything At All","Denison Witmer",2025-02-14,201386,22,mmr4r23xnc6oh1c77lysfbqg4,2025-02-14T14:55:03Z,"","Asthmatic Kitty",0.588,0.305,5,-13.71,1,0.0334,0.825,0.0000353,0.106,0.277,117.97,3
5At3RcmOn5HZKNuoeTgupu,"A House With","Anything At All","Denison Witmer",2025-02-14,256906,22,mmr4r23xnc6oh1c77lysfbqg4,2025-02-14T14:55:03Z,"","Asthmatic Kitty",0.613,0.387,1,-13.133,0,0.0414,0.775,0.00571,0.0986,0.378,128.073,4
1zDYUwg1qyPVgPqxRiuA2i,"Making Love","Anything At All","Denison Witmer",2025-02-14,150333,20,mmr4r23xnc6oh1c77lysfbqg4,2025-02-14T14:55:03Z,"","Asthmatic Kitty",0.422,0.122,11,-15.463,0,0.036,0.891,0.0000401,0.116,0.305,82.907,4
0EzsCvlW9LYyUSmxjCwUBi,"Clockmaker","Anything At All","Denison Witmer",2025-02-14,152773,20,mmr4r23xnc6oh1c77lysfbqg4,2025-02-14T14:55:03Z,"","Asthmatic Kitty",0.649,0.445,7,-12.478,1,0.038,0.783,0.000586,0.061,0.826,153.998,4
6WUXIYi79tAHw2Ifb0zglf,"Confessions","Anything At All","Denison Witmer",2025-02-14,196786,20,mmr4r23xnc6oh1c77lysfbqg4,2025-02-14T14:55:03Z,"","Asthmatic Kitty",0.57,0.269,5,-13.159,1,0.0349,0.897,0.00145,0.11,0.365,94.124,4
0mM6o7U78XTavOLZ4r1lIi,"Lost in My Head","Anything At All","Denison Witmer",2025-02-14,206813,19,mmr4r23xnc6oh1c77lysfbqg4,2025-02-14T14:55:03Z,"","Asthmatic Kitty",0.638,0.22,3,-13.147,1,0.0307,0.851,0.000752,0.107,0.368,96.057,4
0jllpyj5FhtLgb7Txj7oxv,"Shade I'll Never See","Anything At All","Denison Witmer,Sufjan Stevens",2025-02-14,192960,43,mmr4r23xnc6oh1c77lysfbqg4,2025-02-14T14:55:03Z,"chamber pop,baroque pop","Asthmatic Kitty",0.533,0.673,7,-10.509,1,0.0388,0.633,0.00848,0.32,0.403,89.992,4
0aaXa181ClgOH6NNYAiwru,"Slow Motion Snow","Anything At All","Denison Witmer",2025-02-14,479800,19,mmr4r23xnc6oh1c77lysfbqg4,2025-02-14T14:55:03Z,"","Asthmatic Kitty",0.432,0.333,9,-11.27,1,0.0293,0.671,0.52,0.0663,0.138,108.048,3
7BGt1gzkhjkoOkYqMCVD04,"Brother's Keeper","Anything At All","Denison Witmer",2025-02-14,96173,17,mmr4r23xnc6oh1c77lysfbqg4,2025-02-14T14:55:03Z,"","Asthmatic Kitty",0.553,0.229,3,-15.952,1,0.032,0.909,0.00552,0.128,0.523,148.094,4
3n5CAEiJvNM8nq1GhS3mpI,"Satellites","Like A Ribbon","John Glacier",2025-02-14,118073,33,mmr4r23xnc6oh1c77lysfbqg4,2025-02-14T14:56:51Z,"experimental hip hop","Young",0.502,0.77,5,-4.671,1,0.149,0.0294,0.00000309,0.145,0.495,81.901,4
07ZWDuWz47Li8hanTKQC4t,"Don't Cover Me","Like A Ribbon","John Glacier",2025-02-14,180000,33,mmr4r23xnc6oh1c77lysfbqg4,2025-02-14T14:56:51Z,"experimental hip hop","Young",0.706,0.443,1,-12.398,1,0.331,0.291,0.000118,0.111,0.441,140.033,4
7neEyx45EStmfWefGkJwQR,"Money Shows","Like A Ribbon","John Glacier,Eartheater",2025-02-14,131007,31,mmr4r23xnc6oh1c77lysfbqg4,2025-02-14T14:56:51Z,"experimental hip hop,art pop,experimental","Young",0.516,0.868,4,-4.768,1,0.21,0.0169,0.00000168,0.637,0.777,154.011,4
5MIjWtoQYHEifN8KGHuPAU,"Emotions","Like A Ribbon","John Glacier",2025-02-14,204916,31,mmr4r23xnc6oh1c77lysfbqg4,2025-02-14T14:56:51Z,"experimental hip hop","Young",0.564,0.674,1,-5.592,1,0.0675,0.00204,0.00023,0.571,0.146,152.023,4
7lf6nzWyCGNCgM9v8RHMMD,"Nevasure","Like A Ribbon","John Glacier",2025-02-14,196964,30,mmr4r23xnc6oh1c77lysfbqg4,2025-02-14T14:56:51Z,"experimental hip hop","Young",0.63,0.67,2,-4.815,1,0.041,0.0507,0.000452,0.267,0.334,130.045,4
2bdqUbzNIyX6zATjpIyBBU,"Steady As I Am","Like A Ribbon","John Glacier",2025-02-14,134545,29,mmr4r23xnc6oh1c77lysfbqg4,2025-02-14T14:56:51Z,"experimental hip hop","Young",0.685,0.763,1,-6.92,0,0.277,0.0888,0.175,0.275,0.584,132,4
6K1Yk6oHnMfuQHRDtnAbvl,"Found","Like A Ribbon","John Glacier",2025-02-14,163636,29,mmr4r23xnc6oh1c77lysfbqg4,2025-02-14T14:56:51Z,"experimental hip hop","Young",0.353,0.905,1,-8.215,1,0.717,0.179,0.0000106,0.211,0.264,175.219,4
3PvnqznJsXIhYXMbT2nxEv,"Home","Like A Ribbon","John Glacier",2025-02-14,202105,30,mmr4r23xnc6oh1c77lysfbqg4,2025-02-14T14:56:51Z,"experimental hip hop","Young",0.589,0.863,11,-5.567,0,0.0446,0.00495,0.788,0.122,0.57,75.977,4
1xT6cM50XgOPhAyYksXZKP,"Ocean Steppin'","Like A Ribbon","John Glacier,Sampha",2025-02-14,170322,30,mmr4r23xnc6oh1c77lysfbqg4,2025-02-14T14:56:51Z,"experimental hip hop","Young",0.53,0.786,0,-8.752,1,0.507,0.73,0.0252,0.134,0.533,124.242,4
3njIMWoLYyGj3bDaDwdsgX,"Dancing In The Rain","Like A Ribbon","John Glacier",2025-02-14,131506,28,mmr4r23xnc6oh1c77lysfbqg4,2025-02-14T14:56:51Z,"experimental hip hop","Young",0.714,0.689,11,-8.1,1,0.0498,0.179,0.77,0.176,0.268,145.987,4
7JzSpdMpgEvVOc4dnksn7m,"Heavens Sent","Like A Ribbon","John Glacier",2025-02-14,180090,28,mmr4r23xnc6oh1c77lysfbqg4,2025-02-14T14:56:51Z,"experimental hip hop","Young",0.576,0.255,0,-16.411,0,0.0385,0.634,0.482,0.107,0.116,79.96,4
6opRiNYlpcAzBN5fYlzWfX,"Love Like Whiskey","Plus One","The War And Treaty",2025-02-14,195573,39,mmr4r23xnc6oh1c77lysfbqg4,2025-02-14T14:57:10Z,"","UMG Nashville",0.533,0.862,5,-4.261,1,0.0318,0.0415,0,0.394,0.68,84.979,4
3jb0Q9yAZRFpzR4Oigledw,"Skyscraper","Plus One","The War And Treaty",2025-02-14,202506,23,mmr4r23xnc6oh1c77lysfbqg4,2025-02-14T14:57:10Z,"","UMG Nashville",0.557,0.899,0,-4.637,1,0.12,0.0679,0,0.363,0.56,91.914,4
2sEu17sWNKQYWUfZOTNzI9,"Can I Get An Amen","Plus One","The War And Treaty",2025-02-14,220773,23,mmr4r23xnc6oh1c77lysfbqg4,2025-02-14T14:57:10Z,"","UMG Nashville",0.532,0.775,7,-5.502,0,0.0367,0.0203,0,0.178,0.528,74.986,4
3cVs3iPenXm5XCHoA8gSU0,"Called You By Your Name","Plus One","The War And Treaty",2025-02-14,242093,21,mmr4r23xnc6oh1c77lysfbqg4,2025-02-14T14:57:10Z,"","UMG Nashville",0.281,0.872,5,-6.467,0,0.0621,0.00043,0.000164,0.205,0.353,149.865,4
17sGqDXhnVQm4Lubv4cDxc,"Stealing A Kiss","Plus One","The War And Treaty",2025-02-14,295706,21,mmr4r23xnc6oh1c77lysfbqg4,2025-02-14T14:57:10Z,"","UMG Nashville",0.469,0.743,0,-5.503,0,0.0561,0.175,0.00000307,0.106,0.445,139.832,4
3Fwr0qSpDer2rSKeVXw0SA,"Teardrops In The Rain","Plus One","The War And Treaty",2025-02-14,203413,20,mmr4r23xnc6oh1c77lysfbqg4,2025-02-14T14:57:10Z,"","UMG Nashville",0.501,0.44,8,-6.957,1,0.0309,0.0155,0,0.21,0.156,110.01,4
6hn7hrDKTnYlTbBhbNWSiH,"Leads Me Home","Plus One","The War And Treaty",2025-02-14,201040,19,mmr4r23xnc6oh1c77lysfbqg4,2025-02-14T14:57:10Z,"","UMG Nashville",0.317,0.494,9,-6.57,1,0.0304,0.311,0.000029,0.136,0.303,76.974,4
7cqWcVNdpSnvJLdCTIVROB,"Carried Away","Plus One","The War And Treaty",2025-02-14,310693,18,mmr4r23xnc6oh1c77lysfbqg4,2025-02-14T14:57:10Z,"","UMG Nashville",0.406,0.565,0,-6.108,1,0.0324,0.311,0.0000176,0.176,0.2,111.647,3
6UPMVHR7TyTeYPP67B3QMf,"Drink From Me","Plus One","The War And Treaty,Billy Strings",2025-02-14,180520,35,mmr4r23xnc6oh1c77lysfbqg4,2025-02-14T14:57:10Z,"bluegrass,newgrass,americana","UMG Nashville",0.525,0.86,1,-4.751,1,0.0798,0.00131,0.0000143,0.0657,0.443,145.814,4
2d2GkOQDig3ePRqdZIkCdO,"Reminisce","Plus One","The War And Treaty",2025-02-14,223053,18,mmr4r23xnc6oh1c77lysfbqg4,2025-02-14T14:57:10Z,"","UMG Nashville",0.44,0.455,9,-4.942,1,0.0276,0.0781,0,0.159,0.216,145.327,4
6Hx5sHMCl4XBzHFt795rNZ,"Save Me","Plus One","The War And Treaty",2025-02-14,193986,18,mmr4r23xnc6oh1c77lysfbqg4,2025-02-14T14:57:10Z,"","UMG Nashville",0.427,0.772,1,-5.114,1,0.0509,0.184,0,0.095,0.49,74.93,4
0OFQVLKCgg604RHMne2z8C,"Love Is On Fire","Plus One","The War And Treaty",2025-02-14,195626,17,mmr4r23xnc6oh1c77lysfbqg4,2025-02-14T14:57:10Z,"","UMG Nashville",0.555,0.879,2,-4.914,1,0.032,0.00365,0.00000466,0.112,0.568,98.95,4
7uVwnylKXRPlCLmxWoKZSW,"I Can't Let You Go","Plus One","The War And Treaty",2025-02-14,223800,17,mmr4r23xnc6oh1c77lysfbqg4,2025-02-14T14:57:10Z,"","UMG Nashville",0.551,0.603,0,-6.822,1,0.0827,0.0129,0,0.0858,0.339,147.965,4
1soGuaejdAJ1gvfZsHWtf6,"Home","Plus One","The War And Treaty",2025-02-14,201613,16,mmr4r23xnc6oh1c77lysfbqg4,2025-02-14T14:57:10Z,"","UMG Nashville",0.414,0.624,0,-3.721,0,0.0371,0.276,0,0.0966,0.496,136.417,4
1l8jeCHR5t1JZ8kEL8m3qq,"Love Light","Plus One","The War And Treaty",2025-02-14,264280,16,mmr4r23xnc6oh1c77lysfbqg4,2025-02-14T14:57:10Z,"","UMG Nashville",0.521,0.447,7,-5.98,0,0.0316,0.0719,0,0.22,0.11,114.964,4
0CcHcdwr9JjtRTZUnEHXqr,"Mr. Fun","Plus One","The War And Treaty",2025-02-14,246000,16,mmr4r23xnc6oh1c77lysfbqg4,2025-02-14T14:57:10Z,"","UMG Nashville",0.228,0.753,7,-3.847,1,0.0356,0.0229,0.000981,0.224,0.332,198.556,3
04RMoDQplby8zQ1kZ5X6jI,"Tunnel Vision","Plus One","The War And Treaty",2025-02-14,188666,15,mmr4r23xnc6oh1c77lysfbqg4,2025-02-14T14:57:10Z,"","UMG Nashville",0.43,0.815,9,-4.344,1,0.0609,0.00804,0,0.315,0.398,143.717,4
0YDjZLPboWPVBsCIcMDAXs,"The Glorious Ones","Plus One","The War And Treaty",2025-02-14,209520,15,mmr4r23xnc6oh1c77lysfbqg4,2025-02-14T14:57:10Z,"","UMG Nashville",0.306,0.386,2,-7.327,1,0.0287,0.0134,0.000111,0.112,0.216,101.702,3
018dEtcx2ZtN5AUJNWE9zl,"Waiting","Heartache in Room 14","The Altons",2025-02-14,186840,27,mmr4r23xnc6oh1c77lysfbqg4,2025-02-14T14:57:43Z,"retro soul","Daptone Records",0.682,0.516,8,-7.996,0,0.0257,0.344,0.000339,0.0894,0.744,96.557,4
5i0z0BV8gSNMzLJ6Bt3OAt,"Tangled Up in You","Heartache in Room 14","The Altons",2025-02-14,219240,25,mmr4r23xnc6oh1c77lysfbqg4,2025-02-14T14:57:43Z,"retro soul","Daptone Records",0.627,0.381,1,-7.213,0,0.0291,0.602,0.00000187,0.177,0.559,124.365,3
5DfiFyHTIQX3tNGDkblxAB,"I Try, I Try","Heartache in Room 14","The Altons",2025-02-14,191680,27,mmr4r23xnc6oh1c77lysfbqg4,2025-02-14T14:57:43Z,"retro soul","Daptone Records",0.629,0.405,4,-8.53,0,0.0292,0.658,0.00111,0.228,0.615,139.33,4
0t4T3y9ouYJU6jv7NmQ3wD,"Perdóname","Heartache in Room 14","The Altons",2025-02-14,187973,26,mmr4r23xnc6oh1c77lysfbqg4,2025-02-14T14:57:43Z,"retro soul","Daptone Records",0.531,0.491,1,-7.74,0,0.0308,0.167,0.0002,0.376,0.644,138.154,3
3KEaq0kZ6nWd52y1ql1bx2,"Float","Heartache in Room 14","The Altons",2025-02-14,241760,25,mmr4r23xnc6oh1c77lysfbqg4,2025-02-14T14:57:43Z,"retro soul","Daptone Records",0.365,0.614,3,-6.443,0,0.0306,0.713,0.0138,0.115,0.738,173.1,4
71kNCN3Tye8DxpOLEvyUTh,"Where Did She Go?","Heartache in Room 14","The Altons",2025-02-14,234480,25,mmr4r23xnc6oh1c77lysfbqg4,2025-02-14T14:57:43Z,"retro soul","Daptone Records",0.633,0.252,1,-10.587,1,0.0278,0.821,0.000773,0.192,0.209,100.702,3
3Jd5oJvC2yBXDGNeblNxNR,"Del Cielo Te Cuido","Heartache in Room 14","The Altons",2025-02-14,208453,24,mmr4r23xnc6oh1c77lysfbqg4,2025-02-14T14:57:43Z,"retro soul","Daptone Records",0.381,0.366,10,-9.927,1,0.0375,0.808,0.000014,0.12,0.264,83.77,4
4GGQHIKPQps6a8pxLQcdJH,"Your Light","Heartache in Room 14","The Altons",2025-02-14,234146,24,mmr4r23xnc6oh1c77lysfbqg4,2025-02-14T14:57:43Z,"retro soul","Daptone Records",0.493,0.331,5,-7.867,1,0.0334,0.627,0,0.261,0.397,168.545,3
5Iel8B8LQe12lEofB20OTp,"Over and Over","Heartache in Room 14","The Altons",2025-02-14,228933,23,mmr4r23xnc6oh1c77lysfbqg4,2025-02-14T14:57:43Z,"retro soul","Daptone Records",0.605,0.311,6,-6.22,1,0.0261,0.78,0.0000206,0.162,0.26,115.136,3
46pGlAhLwlYHSyaBZyJBir,"Show You Love","Heartache in Room 14","The Altons",2025-02-14,211426,24,mmr4r23xnc6oh1c77lysfbqg4,2025-02-14T14:57:43Z,"retro soul","Daptone Records",0.337,0.156,9,-9.866,1,0.0323,0.844,0.00000211,0.0756,0.131,78.795,4
1Rq8bZKQGBrHK4YK2htyT1,"My Darling, My Angel","Light hit my face like a straight right","Mallrat",2025-02-14,133550,30,mmr4r23xnc6oh1c77lysfbqg4,2025-02-14T14:57:52Z,"","Nettwerk Music Group",0.553,0.517,3,-9.547,1,0.0284,0.788,0.787,0.207,0.425,130.031,4
05NOojSHkMcdUpAk01vd0r,"Pavement","Light hit my face like a straight right","Mallrat",2025-02-14,185940,29,mmr4r23xnc6oh1c77lysfbqg4,2025-02-14T14:57:52Z,"","Nettwerk Music Group",0.774,0.585,1,-6.63,1,0.0492,0.532,0.0125,0.149,0.341,120.038,4
4YWLqCCbluHNkfzc1b3d90,"Something for Somebody","Light hit my face like a straight right","Mallrat",2025-02-14,186978,29,mmr4r23xnc6oh1c77lysfbqg4,2025-02-14T14:57:52Z,"","Nettwerk Music Group",0.518,0.325,2,-11.913,1,0.0301,0.714,0.00000814,0.121,0.312,105.093,4
7e9AYguSxiDxFlnf87mZFA,"Virtue","Light hit my face like a straight right","Mallrat",2025-02-14,203720,29,mmr4r23xnc6oh1c77lysfbqg4,2025-02-14T14:57:52Z,"","Nettwerk Music Group",0.424,0.335,1,-10.887,0,0.0337,0.916,0.0401,0.106,0.163,129.195,3
2UPjT4iLJYkhxEmXVaClrP,"Defibrillator","Light hit my face like a straight right","Mallrat",2025-02-14,187386,28,mmr4r23xnc6oh1c77lysfbqg4,2025-02-14T14:57:52Z,"","Nettwerk Music Group",0.356,0.444,7,-9.464,0,0.0388,0.131,0.0000883,0.112,0.154,130.101,3
01q1DSviOuyYYInEmjlkj3,"The Light Streams In and Hits My Face","Light hit my face like a straight right","Mallrat",2025-02-14,58031,27,mmr4r23xnc6oh1c77lysfbqg4,2025-02-14T14:57:52Z,"","Nettwerk Music Group",0.544,0.239,7,-17.145,0,0.0594,0.948,0.0251,0.11,0.266,107.794,3
4SLDGKjU79rLXfSDWsUFXt,"Hocus Pocus","Light hit my face like a straight right","Mallrat,Kito",2025-02-14,193554,26,mmr4r23xnc6oh1c77lysfbqg4,2025-02-14T14:57:52Z,"","Nettwerk Music Group",0.645,0.676,5,-6.682,0,0.049,0.228,0.168,0.235,0.458,72.513,4
5LeexkAfmyLN5kPBg53SoI,"Hideaway","Light hit my face like a straight right","Mallrat",2025-02-14,177780,40,mmr4r23xnc6oh1c77lysfbqg4,2025-02-14T14:57:52Z,"","Nettwerk Music Group",0.532,0.719,8,-7.568,1,0.0484,0.173,0.284,0.123,0.242,173.926,4
4IRBX2j0AgysaoY4mWFhEv,"Love Songs / Heart Strings","Light hit my face like a straight right","Mallrat",2025-02-14,84885,26,mmr4r23xnc6oh1c77lysfbqg4,2025-02-14T14:57:52Z,"","Nettwerk Music Group",0.35,0.918,8,-8.975,1,0.284,0.0386,0.336,0.374,0.174,85.819,4
6PdPKE2ViP6bhaXwZmcZkH,"Ray of Light","Light hit my face like a straight right","Mallrat",2025-02-14,229353,25,mmr4r23xnc6oh1c77lysfbqg4,2025-02-14T14:57:52Z,"","Nettwerk Music Group",0.379,0.656,0,-7.546,1,0.0446,0.0468,0.0753,0.102,0.385,159.944,4
0BWWAzjwP6KEvrFYGbHav0,"The Worst Thing I Would Ever Do","Light hit my face like a straight right","Mallrat",2025-02-14,204667,27,mmr4r23xnc6oh1c77lysfbqg4,2025-02-14T14:57:52Z,"","Nettwerk Music Group",0.493,0.563,4,-8.524,1,0.0261,0.0633,0.0367,0.116,0.375,98.033,4
3l9qqtfWLOkFvvLB570maZ,"Horses","Light hit my face like a straight right","Mallrat",2025-02-14,212043,24,mmr4r23xnc6oh1c77lysfbqg4,2025-02-14T14:57:52Z,"","Nettwerk Music Group",0.412,0.279,4,-13.248,1,0.0348,0.837,0.0000213,0.115,0.202,179.834,3
3Zp0TYLUWpyfdQCKVHb6na,"Kiss","Out Of The Blue","Morgan Saint",2025-02-14,184132,13,mmr4r23xnc6oh1c77lysfbqg4,2025-02-14T14:58:16Z,"","4Love",0.703,0.57,1,-7.171,1,0.0328,0.367,0.268,0.0769,0.582,125.072,4
64pxGR04k4JyLXRlZCw5Cx,"Blazing","Out Of The Blue","Morgan Saint",2025-02-14,194432,15,mmr4r23xnc6oh1c77lysfbqg4,2025-02-14T14:58:16Z,"","4Love",0.765,0.499,0,-11.13,1,0.039,0.256,0.531,0.102,0.346,117.026,4
7cxdXq5q4OS6xiCwd9a5SX,"Out Of The Blue","Out Of The Blue","Morgan Saint",2025-02-14,221505,24,mmr4r23xnc6oh1c77lysfbqg4,2025-02-14T14:58:16Z,"","4Love",0.713,0.613,8,-7.351,1,0.0428,0.688,0.0827,0.106,0.388,77.48,4
5HMvQkUO1pZ4UZEo5HPnZd,"Deep","Out Of The Blue","Morgan Saint",2025-02-14,170342,12,mmr4r23xnc6oh1c77lysfbqg4,2025-02-14T14:58:16Z,"","4Love",0.766,0.483,11,-9.734,1,0.0438,0.56,0.104,0.0948,0.827,89.991,4
0AAXgVpk3VBbjcwNBNt3Iz,"Hope You Find What You're Looking For","Out Of The Blue","Morgan Saint",2025-02-14,190834,12,mmr4r23xnc6oh1c77lysfbqg4,2025-02-14T14:58:16Z,"","4Love",0.748,0.486,6,-8.898,1,0.0372,0.722,0.00154,0.092,0.696,104.993,4
3FRURRkyQCEFCjWcSRXM9b,"15 Forever","Out Of The Blue","Morgan Saint",2025-02-14,225725,11,mmr4r23xnc6oh1c77lysfbqg4,2025-02-14T14:58:16Z,"","4Love",0.692,0.44,8,-8.652,1,0.0415,0.684,0.000429,0.0996,0.5,140.045,4
7C7m8TqeJcocjWUoaulOQx,"Slipping Away","Out Of The Blue","Morgan Saint",2025-02-14,186469,12,mmr4r23xnc6oh1c77lysfbqg4,2025-02-14T14:58:16Z,"","4Love",0.715,0.727,7,-10.116,1,0.0523,0.256,0.307,0.0964,0.629,134.997,4
6J1qJGfbB31D0WxiehfcoV,"Did You Lose Your Heart","Out Of The Blue","Morgan Saint",2025-02-14,244143,11,mmr4r23xnc6oh1c77lysfbqg4,2025-02-14T14:58:16Z,"","4Love",0.739,0.677,0,-7.904,1,0.0367,0.36,0.00743,0.115,0.914,94.995,4
3CVzpe94zxLnex8iBF8HFo,"It Hurts To Be Human","Out Of The Blue","Morgan Saint",2025-02-14,181409,11,mmr4r23xnc6oh1c77lysfbqg4,2025-02-14T14:58:16Z,"","4Love",0.55,0.669,0,-8.551,1,0.0451,0.201,0.121,0.139,0.508,119.821,4
3KT84B4L4UcusYRN8K7V9k,"Visions Of You","Out Of The Blue","Morgan Saint",2025-02-14,145585,11,mmr4r23xnc6oh1c77lysfbqg4,2025-02-14T14:58:16Z,"","4Love",0.696,0.566,9,-8.976,1,0.0437,0.0535,0.45,0.277,0.666,135.007,4
04Lq4NwwUifhue3LKnXpYb,"End Of Time","Out Of The Blue","Morgan Saint",2025-02-14,158834,10,mmr4r23xnc6oh1c77lysfbqg4,2025-02-14T14:58:16Z,"","4Love",0.471,0.539,7,-9.719,1,0.0434,0.527,0.00183,0.292,0.343,92.128,4
7oLMbkdwvQ6tUo6ag56gPL,"GNOSIS THEME","GNOSIS","RAVEN",2025-02-14,136760,11,mmr4r23xnc6oh1c77lysfbqg4,2025-02-14T14:58:23Z,"","Incienso (EU)",0.409,0.669,2,-13.603,0,0.0379,0.96,0.923,0.125,0.571,113.98,1
6M0AQKfYivPg0VnDOewIsF,"ENDLESS EDITION","GNOSIS","RAVEN",2025-02-14,471266,5,mmr4r23xnc6oh1c77lysfbqg4,2025-02-14T14:58:23Z,"","Incienso (EU)",0.439,0.676,9,-11.617,0,0.0345,0.757,0.949,0.177,0.368,118.982,4
7vXJ06cQJngufKPQK3Efqx,"INFINITE RED ROSES","GNOSIS","RAVEN",2025-02-14,136920,4,mmr4r23xnc6oh1c77lysfbqg4,2025-02-14T14:58:23Z,"","Incienso (EU)",0.286,0.357,8,-13.354,0,0.0355,0.964,0.98,0.101,0.555,128.073,5
5ql8LzQGKEx4PRoJkNd2nL,"JUPITER","GNOSIS","RAVEN",2025-02-14,350826,5,mmr4r23xnc6oh1c77lysfbqg4,2025-02-14T14:58:23Z,"","Incienso (EU)",0.56,0.738,11,-8.684,0,0.132,0.733,0.0948,0.226,0.368,109.984,4
7dLGNgHKXoWtUtV8cZfwES,"INFINITE EDITION","GNOSIS","RAVEN",2025-02-14,185133,4,mmr4r23xnc6oh1c77lysfbqg4,2025-02-14T14:58:23Z,"","Incienso (EU)",0.493,0.362,1,-13.527,1,0.0334,0.907,0.982,0.153,0.0738,124.963,3
1FZzU5ABIoQmoZW7YIVOAG,"IN LOVING MEMORY","GNOSIS","RAVEN",2025-02-14,371800,4,mmr4r23xnc6oh1c77lysfbqg4,2025-02-14T14:58:23Z,"","Incienso (EU)",0.578,0.972,9,-8.625,0,0.0683,0.617,0.243,0.151,0.938,137.003,4
5pxw1b8MWr1aFwdshSz7Ox,"UNLIMITED EDITION","GNOSIS","RAVEN",2025-02-14,442960,4,mmr4r23xnc6oh1c77lysfbqg4,2025-02-14T14:58:23Z,"","Incienso (EU)",0.619,0.864,10,-10.224,0,0.0513,0.307,0.444,0.349,0.896,125.016,3
3Io3hTujbxbnvlf4JMdgh0,"FINAL FADE SYNC","GNOSIS","RAVEN",2025-02-14,223208,3,mmr4r23xnc6oh1c77lysfbqg4,2025-02-14T14:58:23Z,"","Incienso (EU)",0.539,0.935,6,-8.587,0,0.0386,0.0804,0.843,0.144,0.537,138.985,4
3XSWn3Qs4TLe0IFM4VCF13,"Enemy (unplugged)","In The Blue Light","Kelela",2025-02-11,419017,40,mmr4r23xnc6oh1c77lysfbqg4,2025-02-14T14:58:29Z,"alternative r&b","Warp Records",0.541,0.233,0,-17.721,1,0.0298,0.875,0.261,0.262,0.239,82.057,5
4qOG219Mme0XJcwG472Mk2,"Raven (unplugged)","In The Blue Light","Kelela",2025-02-11,262409,40,mmr4r23xnc6oh1c77lysfbqg4,2025-02-14T14:58:29Z,"alternative r&b","Warp Records",0.276,0.14,1,-16.456,1,0.0363,0.738,0.704,0.149,0.0383,101.946,4
7mUSkeTbs9VCXEit6sVcFk,"Take Me Apart (unplugged)","In The Blue Light","Kelela",2025-02-11,167879,39,mmr4r23xnc6oh1c77lysfbqg4,2025-02-14T14:58:29Z,"alternative r&b","Warp Records",0.464,0.387,11,-14.162,1,0.106,0.909,0.00322,0.415,0.184,75.705,4
4nVBTVj8D6RLn2lIsbU4PA,"Bankhead (unplugged)","In The Blue Light","Kelela",2025-02-11,114586,40,mmr4r23xnc6oh1c77lysfbqg4,2025-02-14T14:58:29Z,"alternative r&b","Warp Records",0.344,0.299,4,-12.608,1,0.0411,0.814,0.00947,0.355,0.244,75.64,4
7m0eJCjyeftF5BTp8106NI,"Waitin’ (unplugged)","In The Blue Light","Kelela",2025-02-11,275048,40,mmr4r23xnc6oh1c77lysfbqg4,2025-02-14T14:58:29Z,"alternative r&b","Warp Records",0.476,0.319,6,-12.265,0,0.0332,0.723,0.000821,0.0603,0.123,114.428,4
4R9NCOks9xVBnJK1dncGY9,"30 Years (unplugged)","In The Blue Light","Kelela",2025-02-11,249194,38,mmr4r23xnc6oh1c77lysfbqg4,2025-02-14T14:58:29Z,"alternative r&b","Warp Records",0.435,0.332,10,-16.09,0,0.0619,0.787,0.00376,0.488,0.437,125.006,4
6fGNH1hGQdo1ZH2MaKaVIc,"All the Way Down (unplugged)","In The Blue Light","Kelela",2025-02-11,339560,41,mmr4r23xnc6oh1c77lysfbqg4,2025-02-14T14:58:29Z,"alternative r&b","Warp Records",0.404,0.215,2,-16.524,0,0.0417,0.876,0.0937,0.0929,0.132,119.636,4
5DbsGLA9hVVclF8g6KWYai,"Furry Sings the Blues (unplugged)","In The Blue Light","Kelela",2025-02-11,337455,37,mmr4r23xnc6oh1c77lysfbqg4,2025-02-14T14:58:29Z,"alternative r&b","Warp Records",0.544,0.302,9,-16.444,0,0.179,0.853,0.0175,0.246,0.273,111.191,1
0SSG6EWrLbHXIjtEU1SKm3,"Blue Light (unplugged)","In The Blue Light","Kelela",2025-02-11,294469,37,mmr4r23xnc6oh1c77lysfbqg4,2025-02-14T14:58:29Z,"alternative r&b","Warp Records",0.49,0.217,10,-17.626,0,0.301,0.932,0.000678,0.268,0.528,111.073,4
32tYDaolBFzoFWAL27pBdP,"Love Notes (unplugged)","In The Blue Light","Kelela",2025-02-11,497252,36,mmr4r23xnc6oh1c77lysfbqg4,2025-02-14T14:58:29Z,"alternative r&b","Warp Records",0.391,0.285,2,-19.564,0,0.081,0.821,0.00835,0.203,0.256,111.796,4
4IkoeUiVHW1zsV67f4J4YZ,"Better (unplugged)","In The Blue Light","Kelela",2025-02-11,399264,37,mmr4r23xnc6oh1c77lysfbqg4,2025-02-14T14:58:29Z,"alternative r&b","Warp Records",0.424,0.225,10,-17.035,0,0.0419,0.794,0.00127,0.633,0.349,97.971,4
2zJsFfNeKJ7YCbb4Kbpy8e,"Cherry Coffee (unplugged)","In The Blue Light","Kelela",2025-02-11,427307,35,mmr4r23xnc6oh1c77lysfbqg4,2025-02-14T14:58:29Z,"alternative r&b","Warp Records",0.411,0.135,1,-18.274,0,0.0435,0.843,0.00656,0.651,0.0996,65.126,4
4Wg12vZimiZz6LBltABSMU,"Bolt","End of the Middle","Richard Dawson",2025-02-14,191973,30,mmr4r23xnc6oh1c77lysfbqg4,2025-02-14T14:58:48Z,"art rock","Weird World",0.581,0.15,5,-12.351,1,0.042,0.878,0.0483,0.111,0.0706,114.977,4
4zND6NKoMq9ZkjvDAHAgqH,"Gondola","End of the Middle","Richard Dawson",2025-02-14,273973,29,mmr4r23xnc6oh1c77lysfbqg4,2025-02-14T14:58:48Z,"art rock","Weird World",0.543,0.301,4,-11.041,0,0.0498,0.831,0.0105,0.306,0.171,79.314,4
3DvqjMcxYWdKDzjDjbPWf4,"Bullies","End of the Middle","Richard Dawson",2025-02-14,279666,28,mmr4r23xnc6oh1c77lysfbqg4,2025-02-14T14:58:48Z,"art rock","Weird World",0.613,0.262,4,-11.681,0,0.0516,0.59,0.0103,0.111,0.0877,83.855,4
5gY64gp2KUnCBXC9oiATuR,"The question","End of the Middle","Richard Dawson",2025-02-14,475546,27,mmr4r23xnc6oh1c77lysfbqg4,2025-02-14T14:58:48Z,"art rock","Weird World",0.605,0.237,0,-12.479,1,0.0434,0.804,0.433,0.104,0.272,115.867,4
5Oe3KqYe9qVHPVInCANwqz,"Boxing Day sales","End of the Middle","Richard Dawson",2025-02-14,230706,26,mmr4r23xnc6oh1c77lysfbqg4,2025-02-14T14:58:48Z,"art rock","Weird World",0.557,0.254,7,-12.411,0,0.0333,0.516,0.049,0.112,0.235,79.178,4
16P2eMMA63jzCEKz04wVp4,"Knot","End of the Middle","Richard Dawson",2025-02-14,453533,26,mmr4r23xnc6oh1c77lysfbqg4,2025-02-14T14:58:48Z,"art rock","Weird World",0.505,0.247,7,-12.081,1,0.0453,0.775,0.0126,0.143,0.115,133.811,5
5lxrpXGbcLOSVLu2Nkr8Af,"Polytunnel","End of the Middle","Richard Dawson",2025-02-14,257453,24,mmr4r23xnc6oh1c77lysfbqg4,2025-02-14T14:58:48Z,"art rock","Weird World",0.634,0.0598,9,-14.075,1,0.0512,0.883,0.00582,0.112,0.169,115.423,4
7jznW0DNBpXPawQsDIhNhK,"Removals van","End of the Middle","Richard Dawson",2025-02-14,419800,24,mmr4r23xnc6oh1c77lysfbqg4,2025-02-14T14:58:48Z,"art rock","Weird World",0.648,0.189,0,-12.574,1,0.0493,0.861,0.0683,0.341,0.161,120.819,4
6JFpSrgoZTYCDwMc6AE3H8,"More than real","End of the Middle","Richard Dawson",2025-02-14,372266,26,mmr4r23xnc6oh1c77lysfbqg4,2025-02-14T14:58:48Z,"art rock","Weird World",0.345,0.238,8,-11.967,1,0.0296,0.939,0.229,0.106,0.109,63.54,4
1iNzOvQkAeXDeVIni76Yb2,"Same Old Song","Automatic","The Lumineers",2025-02-14,174322,57,mmr4r23xnc6oh1c77lysfbqg4,2025-02-14T14:58:54Z,"folk pop,indie folk","Dualtone Music Group",0.55,0.86,9,-3.891,1,0.115,0.0793,0,0.0946,0.472,172.101,4
6ZrwhNlrmg63J21UDdNcnH,"Asshole","Automatic","The Lumineers",2025-02-14,183192,62,mmr4r23xnc6oh1c77lysfbqg4,2025-02-14T14:58:54Z,"folk pop,indie folk","Dualtone Music Group",0.427,0.571,1,-6.058,1,0.0362,0.699,0,0.0747,0.329,139.644,4
1iMCxjw6iml3Q3Nv08tQeT,"Strings","Automatic","The Lumineers",2025-02-14,34477,57,mmr4r23xnc6oh1c77lysfbqg4,2025-02-14T14:58:54Z,"folk pop,indie folk","Dualtone Music Group",0.199,0.462,5,-8.393,1,0.0361,0.945,0.798,0.11,0.0351,77.789,3
0ZWT0SVEl7Avl38Sj4MBnZ,"Automatic","Automatic","The Lumineers",2025-02-14,178514,57,mmr4r23xnc6oh1c77lysfbqg4,2025-02-14T14:58:54Z,"folk pop,indie folk","Dualtone Music Group",0.589,0.264,0,-6.612,1,0.0276,0.807,0,0.264,0.127,77.719,4
06TG3FkLr4KsK7Y7rQDbSu,"You're All I Got","Automatic","The Lumineers",2025-02-14,202865,57,mmr4r23xnc6oh1c77lysfbqg4,2025-02-14T14:58:54Z,"folk pop,indie folk","Dualtone Music Group",0.482,0.384,10,-9.462,0,0.0332,0.536,0.000153,0.111,0.161,154.436,4
0uRgIlPfTIhW5JQfLiZTGs,"Plasticine","Automatic","The Lumineers",2025-02-14,170822,56,mmr4r23xnc6oh1c77lysfbqg4,2025-02-14T14:58:54Z,"folk pop,indie folk","Dualtone Music Group",0.509,0.65,11,-5.524,1,0.0296,0.669,0,0.112,0.525,169.118,4
6YrZkw5VWYNTZq9Pg38cOC,"Ativan","Automatic","The Lumineers",2025-02-14,222613,56,mmr4r23xnc6oh1c77lysfbqg4,2025-02-14T14:58:54Z,"folk pop,indie folk","Dualtone Music Group",0.349,0.475,5,-8.871,0,0.0306,0.629,0.0211,0.101,0.279,176.474,4
5V8ZM00UCHgrVBCvkTrhs7,"Keys on the Table","Automatic","The Lumineers",2025-02-14,236001,55,mmr4r23xnc6oh1c77lysfbqg4,2025-02-14T14:58:54Z,"folk pop,indie folk","Dualtone Music Group",0.639,0.417,11,-4.998,1,0.0244,0.257,0,0.125,0.351,77.682,4
1fIV3ZUlTu5KS0jOadiPs8,"Better Day","Automatic","The Lumineers",2025-02-14,177332,55,mmr4r23xnc6oh1c77lysfbqg4,2025-02-14T14:58:54Z,"folk pop,indie folk","Dualtone Music Group",0.457,0.126,9,-8.816,1,0.0283,0.982,0.0000162,0.0992,0.218,94.087,4
17epAGpT3DlnRhUmUDgT0H,"Sunflowers","Automatic","The Lumineers",2025-02-14,80129,54,mmr4r23xnc6oh1c77lysfbqg4,2025-02-14T14:58:54Z,"folk pop,indie folk","Dualtone Music Group",,,,,,,,,,,,
1gMGVIUKSxCpGCDJijQoy4,"So Long","Automatic","The Lumineers",2025-02-14,298134,54,mmr4r23xnc6oh1c77lysfbqg4,2025-02-14T14:58:54Z,"folk pop,indie folk","Dualtone Music Group",0.44,0.751,6,-3.168,1,0.0283,0.00171,0.0000442,0.155,0.173,74.47,4
70f8ADxp61RO13yrHXdJoN,"Counterfeit","The Breeze Grew a Fire","Mereba",2025-02-14,192106,34,mmr4r23xnc6oh1c77lysfbqg4,2025-02-14T14:59:03Z,"alternative r&b","Secretly Canadian",0.605,0.692,2,-8,1,0.118,0.493,0.0367,0.123,0.339,94.995,4
7eNzSvxPqYFNCijniuLtwk,"Ever Needed","The Breeze Grew a Fire","Mereba",2025-02-14,184600,35,mmr4r23xnc6oh1c77lysfbqg4,2025-02-14T14:59:03Z,"alternative r&b","Secretly Canadian",0.563,0.494,0,-8.669,1,0.165,0.386,0.00846,0.101,0.562,120.013,5
7lbbOGDYKIqpcWHdJlfvqJ,"Phone Me","The Breeze Grew a Fire","Mereba",2025-02-14,171840,34,mmr4r23xnc6oh1c77lysfbqg4,2025-02-14T14:59:03Z,"alternative r&b","Secretly Canadian",0.499,0.447,9,-10.315,1,0.0528,0.691,0.145,0.343,0.387,86.287,4
0AmUX3xWSizcLuYMfO36Ef,"White Doves","The Breeze Grew a Fire","Mereba",2025-02-14,141813,34,mmr4r23xnc6oh1c77lysfbqg4,2025-02-14T14:59:03Z,"alternative r&b","Secretly Canadian",0.768,0.371,2,-8.721,1,0.316,0.662,0.00385,0.0953,0.531,80.993,4
4VxyppdCExChv48xwVoNXu,"breeze grew fire","The Breeze Grew a Fire","Mereba",2025-02-14,76333,33,mmr4r23xnc6oh1c77lysfbqg4,2025-02-14T14:59:03Z,"alternative r&b","Secretly Canadian",0.491,0.51,9,-15.98,0,0.883,0.917,0.00000503,0.0867,0.363,170.773,3
5ii5vEZtD9cPbSK6uQ3I67,"Out of the Blue","The Breeze Grew a Fire","Mereba",2025-02-14,81933,33,mmr4r23xnc6oh1c77lysfbqg4,2025-02-14T14:59:03Z,"alternative r&b","Secretly Canadian",0.402,0.241,0,-14.395,1,0.0709,0.859,0.293,0.106,0.232,96.151,4
6UqhHql1s4t1drqyDuXvRf,"Starlight (my baby)","The Breeze Grew a Fire","Mereba",2025-02-14,186693,34,mmr4r23xnc6oh1c77lysfbqg4,2025-02-14T14:59:03Z,"alternative r&b","Secretly Canadian",0.53,0.409,2,-10.137,0,0.0373,0.664,0.18,0.129,0.24,80.563,4
5FppDT7EqFq8ImlPCasXa3,"Meteorite","The Breeze Grew a Fire","Mereba",2025-02-14,169906,33,mmr4r23xnc6oh1c77lysfbqg4,2025-02-14T14:59:03Z,"alternative r&b","Secretly Canadian",0.634,0.451,10,-9.854,1,0.0694,0.507,0.357,0.105,0.318,96.722,4
7FXI7tU5EL0Ma0CN4d5PzE,"Hawk","The Breeze Grew a Fire","Mereba",2025-02-14,211373,32,mmr4r23xnc6oh1c77lysfbqg4,2025-02-14T14:59:03Z,"alternative r&b","Secretly Canadian",0.7,0.516,5,-13.352,0,0.0826,0.743,0.655,0.115,0.58,128.037,4
5JY7bfKQtMVSH7vmnLIBnF,"Wild Sky","The Breeze Grew a Fire","Mereba",2025-02-14,118253,31,mmr4r23xnc6oh1c77lysfbqg4,2025-02-14T14:59:03Z,"alternative r&b","Secretly Canadian",0.364,0.303,0,-13.127,1,0.0774,0.953,0.0253,0.0869,0.287,113.07,4
58LjPjljUZeXaledjd35sR,"Spirit Guiding","The Breeze Grew a Fire","Mereba",2025-02-14,197693,31,mmr4r23xnc6oh1c77lysfbqg4,2025-02-14T14:59:03Z,"alternative r&b","Secretly Canadian",0.541,0.556,8,-10.507,0,0.284,0.201,0.02,0.154,0.217,170.265,4
7qBRZlD9CyeR1IzhqGKnvC,"Heart of a Child","The Breeze Grew a Fire","Mereba",2025-02-14,229453,40,mmr4r23xnc6oh1c77lysfbqg4,2025-02-14T14:59:03Z,"alternative r&b","Secretly Canadian",0.687,0.391,7,-12.612,1,0.0372,0.453,0.0519,0.113,0.31,96.01,4
3xuIBg1xoa6X03bhS3xxgI,"Sanctuary","The Breeze Grew a Fire","Mereba",2025-02-14,237333,30,mmr4r23xnc6oh1c77lysfbqg4,2025-02-14T14:59:03Z,"alternative r&b","Secretly Canadian",0.379,0.291,4,-16.392,1,0.126,0.718,0.0135,0.0948,0.239,85.945,1
7Bnnioorc8KbATYCveI1Tw,"1st of the year","Avalanche","Thala",2025-02-14,207429,28,mmr4r23xnc6oh1c77lysfbqg4,2025-02-14T14:59:10Z,"","Fire Records",0.525,0.6,0,-9.501,1,0.0283,0.31,0.0396,0.0916,0.307,107.954,4
1xBQafV1iMGpZotqgAExHe,"body to you","Avalanche","Thala",2025-02-14,215258,35,mmr4r23xnc6oh1c77lysfbqg4,2025-02-14T14:59:10Z,"","Fire Records",0.596,0.828,7,-6.956,1,0.0909,0.000314,0.00000198,0.146,0.494,150.003,4
3WIRyyYOi6eF3nc7MuPlN9,"don't want u to die","Avalanche","Thala",2025-02-14,188306,24,mmr4r23xnc6oh1c77lysfbqg4,2025-02-14T14:59:10Z,"","Fire Records",0.593,0.536,6,-7.125,0,0.035,0.00564,0.0552,0.0815,0.404,153.568,4
5ZD2nEyTqr9ySW1y7g5gNK,"drive song","Avalanche","Thala",2025-02-14,207008,23,mmr4r23xnc6oh1c77lysfbqg4,2025-02-14T14:59:10Z,"","Fire Records",0.439,0.593,4,-9.529,0,0.0323,0.00505,0.262,0.162,0.316,143.953,4
0ZnH2fn3w9cg0J5Mrmx6Zq,"spit you out","Avalanche","Thala",2025-02-14,174026,22,mmr4r23xnc6oh1c77lysfbqg4,2025-02-14T14:59:10Z,"","Fire Records",0.559,0.45,7,-7.395,1,0.0254,0.00831,0,0.223,0.262,96.894,4
2LPju96Qp7Re3ZFJ7St60z,"sinner","Avalanche","Thala",2025-02-14,235445,21,mmr4r23xnc6oh1c77lysfbqg4,2025-02-14T14:59:10Z,"","Fire Records",0.307,0.546,6,-7.578,0,0.033,0.00452,0.00108,0.416,0.397,124,4
4AMbvAWwgbhaPxzcpmnhzZ,"sleep paralysis","Avalanche","Thala",2025-02-14,172997,21,mmr4r23xnc6oh1c77lysfbqg4,2025-02-14T14:59:10Z,"","Fire Records",0.196,0.384,4,-8.428,0,0.0339,0.57,0.000104,0.32,0.156,169.952,4
6CWmMPfgA4BpYz2ByzIEF1,"tongue-tied & starry-eyed","Avalanche","Thala,Sfven",2025-02-14,193002,20,mmr4r23xnc6oh1c77lysfbqg4,2025-02-14T14:59:10Z,"","Fire Records",0.45,0.526,7,-9.233,1,0.0319,0.499,0.0211,0.0931,0.263,124.84,4
4p5wXznFp6pxzFvVTX3wBg,"it's good","Avalanche","Thala",2025-02-14,223799,20,mmr4r23xnc6oh1c77lysfbqg4,2025-02-14T14:59:10Z,"","Fire Records",0.428,0.423,2,-10.036,1,0.0313,0.0135,0.00313,0.193,0.185,153.996,3
63qzlblLBHvPc3fQjDUStm,"avalanche","Avalanche","Thala",2025-02-14,172599,20,mmr4r23xnc6oh1c77lysfbqg4,2025-02-14T14:59:10Z,"","Fire Records",0.249,0.491,8,-12.142,1,0.168,0.455,0.0000136,0.219,0.349,88.352,4
5FfGYE5eTM2K1Si4ucy2XC,"Monuments & Bricks","Poison","CATHEDRALE",2025-02-14,243029,9,mmr4r23xnc6oh1c77lysfbqg4,2025-02-14T14:59:19Z,"post-punk","Howlin' Banana",0.396,0.662,9,-7.327,1,0.0322,0.0000358,0.0036,0.264,0.234,137.635,4
4r9fq472o4q7QJvk7DrtA3,"South Life","Poison","CATHEDRALE",2025-02-14,158181,10,mmr4r23xnc6oh1c77lysfbqg4,2025-02-14T14:59:19Z,"post-punk","Howlin' Banana",0.377,0.747,7,-6.587,1,0.0343,0.00176,0,0.202,0.211,165.103,4
33O4lExQzzEhbn5atwqd94,"Healing","Poison","CATHEDRALE",2025-02-14,216461,6,mmr4r23xnc6oh1c77lysfbqg4,2025-02-14T14:59:19Z,"post-punk","Howlin' Banana",0.491,0.822,11,-9.284,0,0.0434,0.0000527,0.159,0.473,0.0866,129.948,4
5ekupvaJYIPsi1d7KI2dnl,"The Setting Sun","Poison","CATHEDRALE",2025-02-14,153657,6,mmr4r23xnc6oh1c77lysfbqg4,2025-02-14T14:59:19Z,"post-punk","Howlin' Banana",0.531,0.85,11,-7.736,0,0.037,0.000718,0.00397,0.0965,0.519,145.01,4
283Du62HcSBLBx6raJIPFO,"Where The Fire Is","Poison","CATHEDRALE",2025-02-14,195754,5,mmr4r23xnc6oh1c77lysfbqg4,2025-02-14T14:59:19Z,"post-punk","Howlin' Banana",0.654,0.711,2,-9.625,1,0.0416,0.0106,0.000683,0.102,0.573,135.046,4
309rB4ipEflMQ2mPn2ksN0,"Radium","Poison","CATHEDRALE",2025-02-14,111494,5,mmr4r23xnc6oh1c77lysfbqg4,2025-02-14T14:59:19Z,"post-punk","Howlin' Banana",0.365,0.676,0,-7.874,1,0.0673,0.000161,0.0000521,0.29,0.18,179.048,4
6dtmRcDtD0WHeduLs0fNyz,"Polonium","Poison","CATHEDRALE",2025-02-14,82597,4,mmr4r23xnc6oh1c77lysfbqg4,2025-02-14T14:59:19Z,"post-punk","Howlin' Banana",0.365,0.666,4,-10.274,1,0.0568,0.00487,0.26,0.111,0.0427,76.93,3
6Vals38IeIdeHzdIexfqgq,"Cravings","Poison","CATHEDRALE",2025-02-14,183776,16,mmr4r23xnc6oh1c77lysfbqg4,2025-02-14T14:59:19Z,"post-punk","Howlin' Banana",0.392,0.633,11,-8.583,1,0.0362,0.00031,0.699,0.117,0.703,176.705,4
4S4z3hK51PMKu3pffDdtMR,"Enchantress","Poison","CATHEDRALE",2025-02-14,120382,4,mmr4r23xnc6oh1c77lysfbqg4,2025-02-14T14:59:19Z,"post-punk","Howlin' Banana",0.433,0.511,0,-8.492,1,0.0405,0.000681,0.00395,0.405,0.821,170.093,4
0gOnpeZahi0P4pCphDeQxb,"The Two Worlds","Poison","CATHEDRALE",2025-02-14,185514,3,mmr4r23xnc6oh1c77lysfbqg4,2025-02-14T14:59:19Z,"post-punk","Howlin' Banana",0.552,0.77,6,-7.113,0,0.0331,0.00322,0.00182,0.313,0.362,166.08,3
1PoE1y6nHMDBPpUTpW9yBm,"Wave Goodbye","Poison","CATHEDRALE",2025-02-14,161376,3,mmr4r23xnc6oh1c77lysfbqg4,2025-02-14T14:59:19Z,"post-punk","Howlin' Banana",0.529,0.605,11,-9.878,0,0.0392,0.00139,0.00000616,0.171,0.487,173.192,4
5ZZzx7Jbe3UWB0HvkpCw7O,"Horsemen","Poison","CATHEDRALE",2025-02-14,169723,3,mmr4r23xnc6oh1c77lysfbqg4,2025-02-14T14:59:19Z,"post-punk","Howlin' Banana",0.372,0.617,9,-8.508,1,0.0272,0.0000682,0.0366,0.279,0.255,180.873,4
6Z9EoPDCavxOToE6SmTSSI,"New Light","Poison","CATHEDRALE",2025-02-14,93675,3,mmr4r23xnc6oh1c77lysfbqg4,2025-02-14T14:59:19Z,"post-punk","Howlin' Banana",0.215,0.282,0,-18.961,1,0.0349,0.769,0.379,0.111,0.242,157.99,4
53F9DqdnBOgYZIIhjMF3u5,"Sorry","Cryogeyser","Cryogeyser",2025-02-14,177315,23,mmr4r23xnc6oh1c77lysfbqg4,2025-02-14T14:59:29Z,"shoegaze,dream pop","Cryogeyser",0.376,0.813,0,-6.895,1,0.0353,0.00000404,0.0111,0.11,0.284,73.51,4
03M4IQ1t7SsBd8jSzWD9IB,"Stargirl","Cryogeyser","Cryogeyser",2025-02-14,197346,22,mmr4r23xnc6oh1c77lysfbqg4,2025-02-14T14:59:29Z,"shoegaze,dream pop","Cryogeyser",0.41,0.676,4,-7.163,1,0.0285,0.000815,0.622,0.0957,0.255,140.097,3
5CgBgRTqmkzgPyEOYpSBxG,"Livia","Cryogeyser","Cryogeyser",2025-02-14,254760,22,mmr4r23xnc6oh1c77lysfbqg4,2025-02-14T14:59:29Z,"shoegaze,dream pop","Cryogeyser",0.484,0.474,5,-6.441,1,0.0306,0.000237,0.233,0.107,0.264,135.059,4
4wxUtGBiEgYtJzVUQWfPVu,"Blue Light","Cryogeyser","Cryogeyser",2025-02-14,191788,20,mmr4r23xnc6oh1c77lysfbqg4,2025-02-14T14:59:29Z,"shoegaze,dream pop","Cryogeyser",0.534,0.654,9,-7.124,1,0.0272,0.00109,0.00666,0.228,0.315,87.486,4
4zg5sLVwTQIn59xckWt8aJ,"Fortress","Cryogeyser","Cryogeyser",2025-02-14,258638,19,mmr4r23xnc6oh1c77lysfbqg4,2025-02-14T14:59:29Z,"shoegaze,dream pop","Cryogeyser",0.524,0.681,5,-6.826,1,0.0323,0.000124,0.0029,0.108,0.353,115.032,4
4hzzWQqdqoTO48Eh169CVk,"Mountain","Cryogeyser","Cryogeyser,Wednesday",2025-02-14,179664,21,mmr4r23xnc6oh1c77lysfbqg4,2025-02-14T14:59:29Z,"shoegaze,dream pop","Cryogeyser",0.471,0.51,7,-7.038,1,0.0311,0.000483,0.00186,0.382,0.27,133.666,4
7z1h5WYNckhLzyLJtI04oS,"timetetheredforever","Cryogeyser","Cryogeyser",2025-02-14,120282,20,mmr4r23xnc6oh1c77lysfbqg4,2025-02-14T14:59:29Z,"shoegaze,dream pop","Cryogeyser",0.412,0.287,5,-12.164,1,0.0313,0.637,0.0865,0.112,0.196,82.143,4
772qarzpPWXRgLRsxj7XqD,"Blew It","Cryogeyser","Cryogeyser",2025-02-14,204753,19,mmr4r23xnc6oh1c77lysfbqg4,2025-02-14T14:59:29Z,"shoegaze,dream pop","Cryogeyser",0.487,0.529,4,-7.18,1,0.0259,0.000196,0.00243,0.111,0.396,141.967,4
4ep6tJUAdBAAF4EgXZ1BUT,"Cupid","Cryogeyser","Cryogeyser",2025-02-14,213215,19,mmr4r23xnc6oh1c77lysfbqg4,2025-02-14T14:59:29Z,"shoegaze,dream pop","Cryogeyser",0.417,0.589,10,-7.33,1,0.0279,0.0000547,0.359,0.107,0.222,142.039,4
5zFNuZyDCeyuMV2KIQ2ChD,"One","Cryogeyser","Cryogeyser",2025-02-14,217425,18,mmr4r23xnc6oh1c77lysfbqg4,2025-02-14T14:59:29Z,"shoegaze,dream pop","Cryogeyser",0.261,0.623,5,-6.734,1,0.0329,0.0189,0.119,0.124,0.164,145.087,4
2lGHIv8Q5Ug896XTMz5oEr,"Love Language","Cryogeyser","Cryogeyser",2025-02-14,244141,18,mmr4r23xnc6oh1c77lysfbqg4,2025-02-14T14:59:29Z,"shoegaze,dream pop","Cryogeyser",0.585,0.595,4,-7.414,1,0.0298,0.00288,0.183,0.114,0.254,147.919,4
076g4embWPhML0l1C9FVo6,"Hopeless Romantik","Hopeless Romantik","Das Beat",2025-02-14,147239,18,mmr4r23xnc6oh1c77lysfbqg4,2025-02-14T14:59:38Z,"neue deutsche welle,cold wave,darkwave","Arbutus Records",0.511,0.866,5,-3.998,0,0.0467,0.029,0.0251,0.142,0.597,162.995,4
0UJfOj1RYDTPGdBHqXKy33,"Endstation Liebe","Hopeless Romantik","Das Beat",2025-02-14,173538,13,mmr4r23xnc6oh1c77lysfbqg4,2025-02-14T14:59:38Z,"neue deutsche welle,cold wave,darkwave","Arbutus Records",0.852,0.782,0,-6.788,1,0.0454,0.0361,0.0635,0.662,0.767,129.986,4
0BCpQMEhVVHjdimsIiolE2,"Wrestling My Mind","Hopeless Romantik","Das Beat",2025-02-14,173430,9,mmr4r23xnc6oh1c77lysfbqg4,2025-02-14T14:59:38Z,"neue deutsche welle,cold wave,darkwave","Arbutus Records",0.727,0.931,1,-5.555,1,0.0354,0.00113,0.242,0.173,0.345,137.1,4
2b74vlotEGNRrx2EdD9TwR,"Ohrwurm","Hopeless Romantik","Das Beat",2025-02-14,144782,9,mmr4r23xnc6oh1c77lysfbqg4,2025-02-14T14:59:38Z,"neue deutsche welle,cold wave,darkwave","Arbutus Records",0.596,0.715,1,-7.448,0,0.0715,0.0069,0.844,0.0971,0.486,184.015,4
1GFghGDymSZ6JPnCV8KPu2,"Riverside","Divinations","Oracle Sisters",2025-02-14,283066,30,mmr4r23xnc6oh1c77lysfbqg4,2025-02-14T14:59:51Z,"","Wizard Artists",0.466,0.397,9,-10.622,1,0.0262,0.769,0.0708,0.0861,0.249,135.082,4
43qx8PEmvj1r7xO9BKjS3a,"Marseille","Divinations","Oracle Sisters",2025-02-14,236346,41,mmr4r23xnc6oh1c77lysfbqg4,2025-02-14T14:59:51Z,"","Wizard Artists",0.502,0.758,0,-9.318,1,0.0305,0.0197,0.788,0.0845,0.874,100.027,4
7arPbD9Xqu07TZFVZfzng1,"Alouette","Divinations","Oracle Sisters",2025-02-14,204186,28,mmr4r23xnc6oh1c77lysfbqg4,2025-02-14T14:59:51Z,"","Wizard Artists",0.508,0.753,7,-9.595,1,0.0552,0.231,0.628,0.119,0.476,175.083,4
3dBjxqG6Uv5M6yMz3yqWzk,"Blue Left Hand","Divinations","Oracle Sisters",2025-02-14,225400,27,mmr4r23xnc6oh1c77lysfbqg4,2025-02-14T14:59:51Z,"","Wizard Artists",0.607,0.886,2,-6.6,0,0.0294,0.0443,0.146,0.289,0.964,113.04,4
3ZIhwF4UqCpgVGkYj0PGtd,"Velveteen","Divinations","Oracle Sisters",2025-02-14,208826,28,mmr4r23xnc6oh1c77lysfbqg4,2025-02-14T14:59:51Z,"","Wizard Artists",0.534,0.626,9,-9.29,1,0.041,0.362,0.539,0.138,0.961,82.038,4
2sNhZhMPArxpg7le7I8AYB,"Shotguns","Divinations","Oracle Sisters",2025-02-14,263160,27,mmr4r23xnc6oh1c77lysfbqg4,2025-02-14T14:59:51Z,"","Wizard Artists",0.559,0.444,2,-12.45,1,0.0587,0.898,0.156,0.0848,0.328,91.143,4
1gHYHlHBhRWzXPFbDmUFXh,"Rodeo","Divinations","Oracle Sisters",2025-02-14,194466,26,mmr4r23xnc6oh1c77lysfbqg4,2025-02-14T14:59:51Z,"","Wizard Artists",0.579,0.485,11,-9.647,1,0.0296,0.634,0.0112,0.103,0.328,128.204,4
5WePAvJYV73UCneNrY0dtu,"Moon On The Water","Divinations","Oracle Sisters",2025-02-14,311840,26,mmr4r23xnc6oh1c77lysfbqg4,2025-02-14T14:59:51Z,"","Wizard Artists",0.603,0.477,7,-12.911,1,0.0357,0.819,0.605,0.131,0.428,138.073,4
7wsKDZA6v1z6ssVMPgZwqC,"Talk Is Cheap","Divinations","Oracle Sisters",2025-02-14,181426,25,mmr4r23xnc6oh1c77lysfbqg4,2025-02-14T14:59:51Z,"","Wizard Artists",0.514,0.271,10,-13.276,1,0.0279,0.857,0.0195,0.35,0.241,66.151,4
28P8W3kMof0YPAG2tnJ76R,"Banshee","Divinations","Oracle Sisters",2025-02-14,218120,25,mmr4r23xnc6oh1c77lysfbqg4,2025-02-14T14:59:51Z,"","Wizard Artists",0.643,0.512,5,-12.081,1,0.0266,0.358,0.797,0.101,0.357,95.038,4
4OXSw4XcO4KS2aVDrQZlfW,"Divinations","Divinations","Oracle Sisters",2025-02-14,265920,25,mmr4r23xnc6oh1c77lysfbqg4,2025-02-14T14:59:51Z,"","Wizard Artists",0.605,0.428,7,-11.195,1,0.035,0.693,0.535,0.063,0.348,120.058,3
4mQOmi3qI8yghl9mOkTQCx,"Fine Wine","Saint Motel & the Symphony in the Sky","Saint Motel",2025-02-14,196160,36,mmr4r23xnc6oh1c77lysfbqg4,2025-02-14T14:59:59Z,"","Elektra Entertainment (NEK)",0.624,0.797,5,-5.418,0,0.0421,0.0408,0,0.217,0.649,113.97,4
1PgQKktANGj96jDspXkZCq,"Get It At Home","Saint Motel & the Symphony in the Sky","Saint Motel",2025-02-14,210840,42,mmr4r23xnc6oh1c77lysfbqg4,2025-02-14T14:59:59Z,"","Elektra Entertainment (NEK)",0.663,0.774,0,-5.992,1,0.0561,0.197,0,0.253,0.61,120.017,4
1L1cxfBMQs7jsphhXdoCj6,"Take It Slow","Saint Motel & the Symphony in the Sky","Saint Motel",2025-02-14,204066,36,mmr4r23xnc6oh1c77lysfbqg4,2025-02-14T14:59:59Z,"","Elektra Entertainment (NEK)",0.803,0.546,9,-4.919,1,0.0312,0.133,0,0.216,0.496,85.989,4
3lRGG0gRlDzr1edGTEl4Vf,"Life's A Gas","Saint Motel & the Symphony in the Sky","Saint Motel",2025-02-14,150200,36,mmr4r23xnc6oh1c77lysfbqg4,2025-02-14T14:59:59Z,"","Elektra Entertainment (NEK)",0.648,0.7,10,-5.7,1,0.0357,0.0776,0,0.112,0.716,128.049,4
0QVjmdxyzHVOK2FltsNGif,"Everyone’s A Guru Now","Saint Motel & the Symphony in the Sky","Saint Motel",2025-02-14,201106,35,mmr4r23xnc6oh1c77lysfbqg4,2025-02-14T14:59:59Z,"","Elektra Entertainment (NEK)",0.609,0.737,5,-7.319,1,0.0302,0.0604,0,0.349,0.573,80.007,4
6MwJ0xRTl0iyN2dJVqQXoc,"Pick Me Up","Saint Motel & the Symphony in the Sky","Saint Motel",2025-02-14,180333,35,mmr4r23xnc6oh1c77lysfbqg4,2025-02-14T14:59:59Z,"","Elektra Entertainment (NEK)",0.632,0.684,2,-6.54,1,0.0361,0.0739,0.0000288,0.0704,0.836,150.022,4
2bYWvQ8ccUFKTM8jRtTQ7G,"Hold My Place in Heaven","Saint Motel & the Symphony in the Sky","Saint Motel",2025-02-14,164146,36,mmr4r23xnc6oh1c77lysfbqg4,2025-02-14T14:59:59Z,"","Elektra Entertainment (NEK)",0.694,0.686,2,-5.265,0,0.0303,0.0657,0.000394,0.0661,0.426,94.929,4
2UdEQFLn3DdK0crrVuhTQL,"Stay Golden","Saint Motel & the Symphony in the Sky","Saint Motel",2025-02-14,173560,34,mmr4r23xnc6oh1c77lysfbqg4,2025-02-14T14:59:59Z,"","Elektra Entertainment (NEK)",0.69,0.749,7,-5.917,1,0.0617,0.108,0.0000249,0.0737,0.523,110.007,4
6tFteTvDc8md3oxKeNunxN,"Steady Hand","Saint Motel & the Symphony in the Sky","Saint Motel",2025-02-14,252080,33,mmr4r23xnc6oh1c77lysfbqg4,2025-02-14T14:59:59Z,"","Elektra Entertainment (NEK)",0.338,0.475,4,-6.88,1,0.0343,0.229,0,0.118,0.133,134.035,4
3QDgGYjqSlj3RbSjcmJmoc,"A Bluer Blue","Saint Motel & the Symphony in the Sky","Saint Motel",2025-02-14,153600,34,mmr4r23xnc6oh1c77lysfbqg4,2025-02-14T14:59:59Z,"","Elektra Entertainment (NEK)",0.579,0.705,5,-6.461,1,0.0308,0.27,0,0.177,0.329,123.964,4
5yCy20i4pkxAHvDaSufX0K,"Slowly Spilling Out","Saint Motel & the Symphony in the Sky","Saint Motel",2025-02-14,175693,32,mmr4r23xnc6oh1c77lysfbqg4,2025-02-14T14:59:59Z,"","Elektra Entertainment (NEK)",0.563,0.496,9,-6.353,1,0.0442,0.175,0.00000206,0.159,0.279,131.051,4
2S9SuMZW1sRPPCsFFdDrnG,"Low Earth Orbit","Saint Motel & the Symphony in the Sky","Saint Motel",2025-02-14,249066,33,mmr4r23xnc6oh1c77lysfbqg4,2025-02-14T14:59:59Z,"","Elektra Entertainment (NEK)",0.42,0.684,5,-7.318,0,0.0408,0.293,0.00000289,0.368,0.328,83.754,4
5jGsvvSomFeqEWNXl4Tp0G,"JUMPERCABLES","My Apologies To The Chef","Winona Fighter",2025-02-14,128988,29,mmr4r23xnc6oh1c77lysfbqg4,2025-02-14T15:00:06Z,"","Rise Records",0.507,0.885,7,-3.124,0,0.0877,0.00314,0,0.244,0.602,127.979,4
49z8uMXflgtt6eQ3x7NRTN,"You Look Like A Drunk Phoebe Bridgers","My Apologies To The Chef","Winona Fighter",2025-02-14,174778,28,mmr4r23xnc6oh1c77lysfbqg4,2025-02-14T15:00:06Z,"","Rise Records",0.43,0.951,0,-3.538,1,0.0961,0.000389,0.000143,0.337,0.636,175.895,4
5U14X3p23kLMSDnqeKeML1,"Subaru","My Apologies To The Chef","Winona Fighter",2025-02-14,175934,27,mmr4r23xnc6oh1c77lysfbqg4,2025-02-14T15:00:06Z,"","Rise Records",0.423,0.862,2,-4.47,1,0.0603,0.0000575,0.00000402,0.0624,0.553,164.873,4
3yOfqcmYBcRZwOhApqfYr5,"HAMMS IN A GLASS","My Apologies To The Chef","Winona Fighter",2025-02-14,146392,27,mmr4r23xnc6oh1c77lysfbqg4,2025-02-14T15:00:06Z,"","Rise Records",0.626,0.895,1,-5.524,1,0.0724,0.000162,0.00000602,0.117,0.808,125.058,4
34zukSow00sQeQqx5kKpNv,"TALK","My Apologies To The Chef","Winona Fighter",2025-02-14,162851,37,mmr4r23xnc6oh1c77lysfbqg4,2025-02-14T15:00:06Z,"","Rise Records",0.429,0.938,9,-4.001,1,0.0732,0.000344,0,0.595,0.751,164.846,4
3st1czEidSlhUc854NErD1,"Swimmer's Ear","My Apologies To The Chef","Winona Fighter",2025-02-14,163318,27,mmr4r23xnc6oh1c77lysfbqg4,2025-02-14T15:00:06Z,"","Rise Records",0.582,0.975,7,-4.055,1,0.185,0.0267,0,0.0887,0.425,77.016,3
5bwCLtY9mbSmO6ZXNDBJAY,"R U FAMOUS","My Apologies To The Chef","Winona Fighter",2025-02-14,132133,26,mmr4r23xnc6oh1c77lysfbqg4,2025-02-14T15:00:06Z,"","Rise Records",0.576,0.937,7,-4.007,0,0.0992,0.00346,0,0.0667,0.624,91.001,4
7s5nwEAkA1Hn6OsEPz1BmD,"I Think You Should Leave","My Apologies To The Chef","Winona Fighter",2025-02-14,161478,26,mmr4r23xnc6oh1c77lysfbqg4,2025-02-14T15:00:06Z,"","Rise Records",0.403,0.87,2,-4.763,1,0.0854,0.0000594,0.00000253,0.0495,0.773,170.251,4
4ustKQOplgeAJPkc9ffiXA,"I'M IN THE MARKET TO PLEASE NO ONE","My Apologies To The Chef","Winona Fighter",2025-02-14,161795,25,mmr4r23xnc6oh1c77lysfbqg4,2025-02-14T15:00:06Z,"","Rise Records",0.586,0.915,0,-4.778,1,0.0507,0.000752,0,0.149,0.766,98.992,4
5CiuxX6lcOXgHZMEbGJXT4,"ATTENTION","My Apologies To The Chef","Winona Fighter",2025-02-14,178770,26,mmr4r23xnc6oh1c77lysfbqg4,2025-02-14T15:00:06Z,"","Rise Records",0.541,0.956,7,-2.854,1,0.0882,0.000137,0,0.318,0.588,111.073,3
4Ou5CvY0JkGc9TIATfCTxy,"Wlbrn St Tvrn","My Apologies To The Chef","Winona Fighter",2025-02-14,135770,24,mmr4r23xnc6oh1c77lysfbqg4,2025-02-14T15:00:06Z,"","Rise Records",0.482,0.972,11,-4.216,1,0.0491,0.00000407,0.0577,0.345,0.672,94.97,4
3CnYs8UlO8J44WsGBYeMhp,"Swear To God That I'm (FINE)","My Apologies To The Chef","Winona Fighter",2025-02-14,138120,24,mmr4r23xnc6oh1c77lysfbqg4,2025-02-14T15:00:06Z,"","Rise Records",0.578,0.831,2,-4.082,1,0.0657,0.000139,0,0.34,0.678,114.035,4
6TK4rP2oGu2A7JBvlF24lg,"Johnny’s Dead","My Apologies To The Chef","Winona Fighter",2025-02-14,155960,24,mmr4r23xnc6oh1c77lysfbqg4,2025-02-14T15:00:06Z,"","Rise Records",0.464,0.857,4,-3.498,1,0.0513,0.000116,0,0.326,0.487,110.063,4
4Hm8T9ISMwDGQJARLpBlnI,"DON'T WALLOW","My Apologies To The Chef","Winona Fighter",2025-02-14,148069,24,mmr4r23xnc6oh1c77lysfbqg4,2025-02-14T15:00:06Z,"","Rise Records",0.408,0.793,2,-4.159,1,0.0449,0.00127,0,0.34,0.462,176.32,4
3sYVl4wSuBFcCb6efKFwy4,"Mr. Luck & Ms. Doom","Mr. Luck & Ms. Doom","The Delines",2025-02-14,224866,12,mmr4r23xnc6oh1c77lysfbqg4,2025-02-14T15:00:24Z,"alt country,americana","Jealous Butcher Records",0.67,0.396,7,-9.689,1,0.0355,0.507,0.00174,0.128,0.491,132.193,4
00zDSfSSXwy3DZFwi6sQfV,"Her Ponyboy","Mr. Luck & Ms. Doom","The Delines",2025-02-14,285466,11,mmr4r23xnc6oh1c77lysfbqg4,2025-02-14T15:00:24Z,"alt country,americana","Jealous Butcher Records",0.729,0.316,7,-11.846,1,0.0579,0.695,0.00164,0.111,0.197,127.772,4
4XKxjN8TxZYtzHI7wgcPVu,"Left Hook Like Frazier","Mr. Luck & Ms. Doom","The Delines",2025-02-14,231600,12,mmr4r23xnc6oh1c77lysfbqg4,2025-02-14T15:00:24Z,"alt country,americana","Jealous Butcher Records",0.658,0.54,1,-8.765,0,0.0402,0.339,0.000173,0.117,0.691,66.027,4
1zYs5M693eWecEpqlI9sgy,"Sitting On The Curb","Mr. Luck & Ms. Doom","The Delines",2025-02-14,216400,10,mmr4r23xnc6oh1c77lysfbqg4,2025-02-14T15:00:24Z,"alt country,americana","Jealous Butcher Records",0.751,0.254,5,-12.713,1,0.0344,0.635,0.313,0.17,0.406,128.021,4
3neCsp9vmN10rW9V9MYE4Q,"There's Nothing Down The Highway","Mr. Luck & Ms. Doom","The Delines",2025-02-14,201906,9,mmr4r23xnc6oh1c77lysfbqg4,2025-02-14T15:00:24Z,"alt country,americana","Jealous Butcher Records",0.346,0.142,4,-18.816,0,0.0431,0.826,0.239,0.108,0.0777,78.697,4
46CKdXvEWebmvhW27y2mcW,"Don't Miss Your Bus Lorraine","Mr. Luck & Ms. Doom","The Delines",2025-02-14,211693,9,mmr4r23xnc6oh1c77lysfbqg4,2025-02-14T15:00:24Z,"alt country,americana","Jealous Butcher Records",0.57,0.487,9,-8.584,1,0.0256,0.709,0.00261,0.114,0.36,136.089,4
3l0FtuH5B1iSofzaMtEc9O,"The Haunting Thoughts","Mr. Luck & Ms. Doom","The Delines",2025-02-14,217520,8,mmr4r23xnc6oh1c77lysfbqg4,2025-02-14T15:00:24Z,"alt country,americana","Jealous Butcher Records",0.622,0.228,5,-15.625,1,0.034,0.828,0.00492,0.125,0.309,120.225,4
2kS6ObsZSHppfKGFkSEYc2,"Nancy & The Pensacola Pimp","Mr. Luck & Ms. Doom","The Delines",2025-02-14,255813,8,mmr4r23xnc6oh1c77lysfbqg4,2025-02-14T15:00:24Z,"alt country,americana","Jealous Butcher Records",0.77,0.344,4,-11.368,0,0.0326,0.718,0.00762,0.116,0.398,120.031,4
3li7q984XNt34D0IYJnEVC,"Maureen's Gone Missing","Mr. Luck & Ms. Doom","The Delines",2025-02-14,217773,13,mmr4r23xnc6oh1c77lysfbqg4,2025-02-14T15:00:24Z,"alt country,americana","Jealous Butcher Records",0.771,0.365,9,-10.34,1,0.0486,0.289,0.0308,0.124,0.651,132.095,4
3VQjbI6rhH2zXa5GX5lrrZ,"JP & Me","Mr. Luck & Ms. Doom","The Delines",2025-02-14,268920,7,mmr4r23xnc6oh1c77lysfbqg4,2025-02-14T15:00:24Z,"alt country,americana","Jealous Butcher Records",0.64,0.303,0,-11.821,0,0.0394,0.4,0.0426,0.0769,0.166,132.102,4
4hCz4lc0XPjRXKbqQzDbxo,"Don't Go Into That House","Mr. Luck & Ms. Doom","The Delines",2025-02-14,96840,7,mmr4r23xnc6oh1c77lysfbqg4,2025-02-14T15:00:24Z,"alt country,americana","Jealous Butcher Records",0.359,0.0304,6,-16.612,0,0.0515,0.959,0.0239,0.101,0.45,126.875,5
1JzFu6h26j9TFZkXP6Utgb,"Facing 29","Be Real With Me","Chatham Rabbits",2025-02-14,262500,16,mmr4r23xnc6oh1c77lysfbqg4,2025-02-14T15:00:33Z,"bluegrass,newgrass,americana","Independent",0.435,0.407,1,-11.922,1,0.027,0.623,0.00953,0.166,0.407,85.204,4
4cBsjG0GojajOFsfXRG0bC,"Matador","Be Real With Me","Chatham Rabbits",2025-02-14,194500,15,mmr4r23xnc6oh1c77lysfbqg4,2025-02-14T15:00:33Z,"bluegrass,newgrass,americana","Independent",0.389,0.406,2,-8.248,1,0.0282,0.241,0.000216,0.1,0.616,76.405,3
5GMgQXzuehKVOUjkOC4MMA,"Gas Money","Be Real With Me","Chatham Rabbits",2025-02-14,185000,13,mmr4r23xnc6oh1c77lysfbqg4,2025-02-14T15:00:33Z,"bluegrass,newgrass,americana","Independent",0.467,0.814,1,-7.213,1,0.0383,0.217,0.000643,0.112,0.473,168.052,4
0Dbdag9aNkDT9OAmhzByun,"Childhood Friends","Be Real With Me","Chatham Rabbits",2025-02-14,217000,13,mmr4r23xnc6oh1c77lysfbqg4,2025-02-14T15:00:33Z,"bluegrass,newgrass,americana","Independent",0.443,0.474,1,-7.665,1,0.0292,0.402,0.00000176,0.0982,0.358,151.028,4
2aDdBcV0iaecPhU0OAlTin,"Big Fish, Small Pond","Be Real With Me","Chatham Rabbits",2025-02-14,160500,13,mmr4r23xnc6oh1c77lysfbqg4,2025-02-14T15:00:33Z,"bluegrass,newgrass,americana","Independent",0.503,0.29,2,-15.889,1,0.0579,0.878,0.942,0.183,0.384,89.835,4
5txJ37gOzd06RNgoJobx1X,"Did I Really Know Him","Be Real With Me","Chatham Rabbits",2025-02-14,248500,12,mmr4r23xnc6oh1c77lysfbqg4,2025-02-14T15:00:33Z,"bluegrass,newgrass,americana","Independent",0.532,0.214,4,-13.676,1,0.0275,0.853,0.00000293,0.105,0.125,145.884,4
4pYBpZcZ02byksPn59OCx5,"One Little Orange","Be Real With Me","Chatham Rabbits",2025-02-14,249500,18,mmr4r23xnc6oh1c77lysfbqg4,2025-02-14T15:00:33Z,"bluegrass,newgrass,americana","Independent",0.547,0.308,11,-10.555,1,0.0255,0.687,0.000259,0.118,0.331,82.142,4
7DE2BU9WT0WI7mBOjeMAOA,"Collateral Damage","Be Real With Me","Chatham Rabbits",2025-02-14,198500,11,mmr4r23xnc6oh1c77lysfbqg4,2025-02-14T15:00:33Z,"bluegrass,newgrass,americana","Independent",0.531,0.576,6,-6.812,0,0.0263,0.562,0.00454,0.106,0.23,113.052,4
0MtvChpkY230huPjyIzyDX,"Pool Shark's Table","Be Real With Me","Chatham Rabbits",2025-02-14,234500,11,mmr4r23xnc6oh1c77lysfbqg4,2025-02-14T15:00:33Z,"bluegrass,newgrass,americana","Independent",0.364,0.318,0,-8.278,1,0.0305,0.554,0.0104,0.111,0.355,80.364,4
3NQALWiuDG5e548z0eGLDL,"Nobody's Gonna Make It Out Alive","American Man, American Music","Ron Pope",2025-02-14,233013,18,mmr4r23xnc6oh1c77lysfbqg4,2025-02-14T15:00:44Z,"","Brooklyn Basement Records",0.508,0.621,11,-6.238,1,0.0335,0.16,0.00226,0.0859,0.349,143.932,4
00LuZTM1X0ujunCfFS4ZZ9,"I Gotta Change (Or I'm Gonna Die)","American Man, American Music","Ron Pope",2025-02-14,218736,16,mmr4r23xnc6oh1c77lysfbqg4,2025-02-14T15:00:44Z,"","Brooklyn Basement Records",0.576,0.5,4,-7.465,1,0.0361,0.23,0.00000183,0.0998,0.353,149.982,4
2JUAF1p8QiwnH8L7e6hX6b,"Klonopin Zombies","American Man, American Music","Ron Pope",2025-02-14,307268,16,mmr4r23xnc6oh1c77lysfbqg4,2025-02-14T15:00:44Z,"","Brooklyn Basement Records",0.429,0.76,9,-5.877,1,0.0422,0.371,0,0.307,0.527,151.843,3
4KkfFl1SOLmI4y9BepaSg6,"In The Morning With The Coffee On","American Man, American Music","Ron Pope",2025-02-14,205240,16,mmr4r23xnc6oh1c77lysfbqg4,2025-02-14T15:00:44Z,"","Brooklyn Basement Records",0.547,0.361,2,-10.802,1,0.0329,0.869,0.000011,0.11,0.186,144.187,4
3mnawSYOOUIjAw0nJLMsU4,"I Pray I'll Be Seeing You Soon","American Man, American Music","Ron Pope",2025-02-14,184932,15,mmr4r23xnc6oh1c77lysfbqg4,2025-02-14T15:00:44Z,"","Brooklyn Basement Records",0.598,0.341,2,-8.163,1,0.0281,0.375,0,0.124,0.401,124.719,3
2ZMPLOVW9HPKtMCh6YRSNC,"The Queen Of Fort Payne, Alabama","American Man, American Music","Ron Pope",2025-02-14,185289,15,mmr4r23xnc6oh1c77lysfbqg4,2025-02-14T15:00:44Z,"","Brooklyn Basement Records",0.441,0.798,7,-5.283,1,0.0874,0.0876,0,0.109,0.775,184.059,4
1Qez4gRiH2iRg0k9cg9v2T,"I'm Not The Devil","American Man, American Music","Ron Pope,Taylor Bickett",2025-02-14,178590,14,mmr4r23xnc6oh1c77lysfbqg4,2025-02-14T15:00:44Z,"","Brooklyn Basement Records",0.517,0.355,4,-10.49,0,0.0313,0.468,0.00000757,0.0846,0.254,136.028,4
2lvDEU2B2AXTFtWgs8OAKQ,"Mama Drove A Mustang","American Man, American Music","Ron Pope",2025-02-14,237062,14,mmr4r23xnc6oh1c77lysfbqg4,2025-02-14T15:00:44Z,"","Brooklyn Basement Records",0.447,0.538,2,-7.307,1,0.0269,0.00292,0.0000203,0.131,0.375,150.056,4
1Zj9joc9PWh1lbEEU4Sptu,"Where You're Kept","American Man, American Music","Ron Pope",2025-02-14,252630,27,mmr4r23xnc6oh1c77lysfbqg4,2025-02-14T15:00:44Z,"","Brooklyn Basement Records",0.38,0.398,7,-9.282,1,0.042,0.637,0.0000174,0.106,0.204,141.78,3
7eS04b4AMIa8RmDxRJ0FGw,"The Life In Your Years","American Man, American Music","Ron Pope",2025-02-14,180552,16,mmr4r23xnc6oh1c77lysfbqg4,2025-02-14T15:00:44Z,"","Brooklyn Basement Records",0.633,0.177,3,-9.772,1,0.0402,0.914,0,0.128,0.45,119.375,3
3LmWbz5IjVOIWyw3l90MgM,"Millennium","Gaiko","Gaiko",2025-02-14,183387,4,mmr4r23xnc6oh1c77lysfbqg4,2025-02-14T15:00:53Z,"","Nous'klaer Audio",0.649,0.7,10,-8.876,0,0.051,0.222,0.942,0.144,0.0341,94.597,4
0Pxa9dyMd8DAACVxSJZJQ0,"Setagaya","Gaiko","Gaiko",2025-02-14,140295,3,mmr4r23xnc6oh1c77lysfbqg4,2025-02-14T15:00:53Z,"","Nous'klaer Audio",0.496,0.842,10,-7.217,0,0.0934,0.0269,0.771,0.233,0.448,111.167,5
0nrYlwk7y2tv6BbOu8VwzI,"Misses Euphoria","Gaiko","Gaiko",2025-02-14,179210,3,mmr4r23xnc6oh1c77lysfbqg4,2025-02-14T15:00:53Z,"","Nous'klaer Audio",0.399,0.528,6,-10.301,1,0.0844,0.0941,0.915,0.134,0.478,90.04,5
5xeT5JMDJ46tNhat2EtVdI,"Subdued","Gaiko","Gaiko",2025-02-14,137063,3,mmr4r23xnc6oh1c77lysfbqg4,2025-02-14T15:00:53Z,"","Nous'klaer Audio",0.633,0.658,6,-9.16,1,0.0404,0.306,0.821,0.0928,0.416,142.018,4
52ZJCmpTXdjJ0jTNHP0juR,"Martyr","Gaiko","Gaiko",2025-02-14,191772,7,mmr4r23xnc6oh1c77lysfbqg4,2025-02-14T15:00:53Z,"","Nous'klaer Audio",0.492,0.754,5,-6.859,0,0.0457,0.0525,0.894,0.0849,0.123,166.599,4
2zLuf728QK4xRF0YUN1jzO,"Ever's Lullaby","Gaiko","Gaiko",2025-02-14,192885,3,mmr4r23xnc6oh1c77lysfbqg4,2025-02-14T15:00:53Z,"","Nous'klaer Audio",0.302,0.586,2,-12.984,0,0.0557,0.706,0.904,0.13,0.277,90.257,3
4fSQVjqXgmD5frSJz88wTM,"Crush","Gaiko","Gaiko",2025-02-14,196415,3,mmr4r23xnc6oh1c77lysfbqg4,2025-02-14T15:00:53Z,"","Nous'klaer Audio",0.471,0.864,0,-6.985,0,0.104,0.176,0.832,0.0895,0.121,163.977,4
45eXFitA8B8Nhsm7McryzE,"Weirdo","Gaiko","Gaiko",2025-02-14,161999,3,mmr4r23xnc6oh1c77lysfbqg4,2025-02-14T15:00:53Z,"","Nous'klaer Audio",0.496,0.784,0,-9.127,0,0.0407,0.819,0.809,0.0947,0.293,159.996,4
4z5R7IagVMwfo5SxhuSIWU,"Cocoon","Gaiko","Gaiko",2025-02-14,258557,3,mmr4r23xnc6oh1c77lysfbqg4,2025-02-14T15:00:53Z,"","Nous'klaer Audio",0.551,0.601,10,-14.737,1,0.046,0.926,0.921,0.111,0.115,159.848,4
5vMWwn8e143fh120JlUvOK,"Play my guitar","Ghostholding","venturing",2025-02-14,210211,37,mmr4r23xnc6oh1c77lysfbqg4,2025-02-14T15:01:10Z,"shoegaze","deadAir",0.432,0.454,11,-9.439,1,0.0256,0.854,0.000242,0.127,0.212,81.479,3
4NGKKYlXp4jRVJrV3gdOma,"No sleep","Ghostholding","venturing",2025-02-14,200446,35,mmr4r23xnc6oh1c77lysfbqg4,2025-02-14T15:01:10Z,"shoegaze","deadAir",0.508,0.599,5,-8.664,1,0.0291,0.524,0.00462,0.0685,0.399,90.996,3
3QPn2djEjTo0QFg083VIeV,"Believe","Ghostholding","venturing",2025-02-14,219143,37,mmr4r23xnc6oh1c77lysfbqg4,2025-02-14T15:01:10Z,"shoegaze","deadAir",0.488,0.505,1,-8.455,1,0.027,0.462,0.0000843,0.125,0.198,77.038,4
37C8WyJGhFFpbt8vHqC7mL,"Guesthouse","Ghostholding","venturing",2025-02-14,238865,35,mmr4r23xnc6oh1c77lysfbqg4,2025-02-14T15:01:10Z,"shoegaze","deadAir",0.388,0.35,0,-10.953,1,0.0281,0.827,0.0000133,0.478,0.301,80.989,4
2SvI8wnAYt0QMQoRDi1tIc,"Spider","Ghostholding","venturing",2025-02-14,258544,35,mmr4r23xnc6oh1c77lysfbqg4,2025-02-14T15:01:10Z,"shoegaze","deadAir",0.253,0.476,0,-10.982,1,0.0368,0.685,0.00956,0.1,0.114,78.044,4
3gFmL8po3YIZ8Nc4M1qGcJ,"Recoil","Ghostholding","venturing",2025-02-14,202046,35,mmr4r23xnc6oh1c77lysfbqg4,2025-02-14T15:01:10Z,"shoegaze","deadAir",0.487,0.671,2,-7.927,1,0.0497,0.251,0.0952,0.708,0.0833,145.973,4
2Am0Bt5tG6onx6esFhS8Ul,"Something has to change","Ghostholding","venturing",2025-02-14,199652,34,mmr4r23xnc6oh1c77lysfbqg4,2025-02-14T15:01:10Z,"shoegaze","deadAir",0.395,0.415,10,-12.034,1,0.0331,0.851,0.000278,0.483,0.224,141.92,4
2vzyqt2PutPPxAl52xvBHU,"Dead forever","Ghostholding","venturing",2025-02-14,243645,33,mmr4r23xnc6oh1c77lysfbqg4,2025-02-14T15:01:10Z,"shoegaze","deadAir",0.127,0.615,3,-8.714,1,0.0441,0.00554,0.00747,0.109,0.187,179.053,4
3TQdjm4eP9n6Hg9iS2SIov,"We don't exist","Ghostholding","venturing",2025-02-14,255617,33,mmr4r23xnc6oh1c77lysfbqg4,2025-02-14T15:01:10Z,"shoegaze","deadAir",0.34,0.533,5,-8.67,0,0.0299,0.637,0.00172,0.0869,0.26,174.042,4
3zRyCaa0c4vet1plQcLLZY,"Sick / relapse","Ghostholding","venturing",2025-02-14,322167,33,mmr4r23xnc6oh1c77lysfbqg4,2025-02-14T15:01:10Z,"shoegaze","deadAir",0.331,0.461,9,-10.918,1,0.0353,0.74,0.00335,0.3,0.268,138.888,4
5pXerbQvQMfgP0QsmKjpZI,"Famous girl","Ghostholding","venturing",2025-02-14,234857,31,mmr4r23xnc6oh1c77lysfbqg4,2025-02-14T15:01:10Z,"shoegaze","deadAir",0.288,0.489,1,-8.917,1,0.0355,0.718,0.00000288,0.105,0.301,122.887,1
2jnnxxjgrlFnaeoL4EyKr5,"Halloween","Ghostholding","venturing",2025-02-14,217891,30,mmr4r23xnc6oh1c77lysfbqg4,2025-02-14T15:01:10Z,"shoegaze","deadAir",0.343,0.383,2,-10.422,1,0.038,0.04,0.0486,0.279,0.36,118.036,4
2mkCAh6bWzMD9AUC97rvjy,"Sister","Ghostholding","venturing",2025-02-14,271676,30,mmr4r23xnc6oh1c77lysfbqg4,2025-02-14T15:01:10Z,"shoegaze","deadAir",0.447,0.358,10,-12.681,1,0.0273,0.862,0.00336,0.117,0.108,142.053,4
1Ws3QK4piZtsqkEaOCaqZF,"Prologue","New Dawn","Marshall Allen",2025-02-14,45000,13,mmr4r23xnc6oh1c77lysfbqg4,2025-02-14T15:02:14Z,"free jazz","Mexican Summer",0.401,0.41,1,-13.608,0,0.0619,0.906,0.117,0.679,0.546,146.873,1
5IYde0rMQ7lZsKWLpHtwYi,"African Sunset","New Dawn","Marshall Allen",2025-02-14,448000,14,mmr4r23xnc6oh1c77lysfbqg4,2025-02-14T15:02:14Z,"free jazz","Mexican Summer",0.464,0.292,5,-13.92,1,0.0259,0.485,0.863,0.12,0.436,96.866,4
6oBbEqcEeL9R6RA3x0Bx3L,"New Dawn","New Dawn","Marshall Allen,Neneh Cherry",2025-02-14,394000,12,mmr4r23xnc6oh1c77lysfbqg4,2025-02-14T15:02:14Z,"free jazz","Mexican Summer",0.203,0.318,5,-12.825,1,0.0297,0.789,0.0688,0.118,0.145,89.129,4
3HRF4EI1Szp9D8oMPSRlit,"Are You Ready","New Dawn","Marshall Allen",2025-02-14,340000,11,mmr4r23xnc6oh1c77lysfbqg4,2025-02-14T15:02:14Z,"free jazz","Mexican Summer",0.602,0.621,7,-8.894,0,0.19,0.49,0.635,0.109,0.416,128.499,4
538kZWMdmLuYzR17nlfIyR,"Sonny's Dance","New Dawn","Marshall Allen",2025-02-14,333000,11,mmr4r23xnc6oh1c77lysfbqg4,2025-02-14T15:02:14Z,"free jazz","Mexican Summer",0.387,0.487,5,-10.533,1,0.068,0.531,0.264,0.301,0.267,83.997,4
0lQcnAlFn0iw7RwdaVcUuZ,"Boma","New Dawn","Marshall Allen",2025-02-14,622000,11,mmr4r23xnc6oh1c77lysfbqg4,2025-02-14T15:02:14Z,"free jazz","Mexican Summer",0.45,0.673,1,-10.162,1,0.0444,0.217,0.862,0.0938,0.848,124.842,4
18eVa5Rb0QOVZ98FPqfNUS,"Angels and Demons at Play","New Dawn","Marshall Allen",2025-02-14,262000,19,mmr4r23xnc6oh1c77lysfbqg4,2025-02-14T15:02:14Z,"free jazz","Mexican Summer",0.445,0.344,10,-13.119,0,0.0299,0.171,0.778,0.147,0.592,137.709,5
2jFjU3RkaZk8KpyNBz8rPt,"La La La","La La La","Marinero",2025-02-14,191461,11,mmr4r23xnc6oh1c77lysfbqg4,2025-02-14T15:02:40Z,"","Hardly Art",0.559,0.594,0,-4.781,0,0.027,0.745,0.0133,0.116,0.203,118.494,3
5FjwmV8NKDXvK1Rfl50QZt,"Cruz","La La La","Marinero",2025-02-14,226234,10,mmr4r23xnc6oh1c77lysfbqg4,2025-02-14T15:02:40Z,"","Hardly Art",0.4,0.469,6,-8.353,0,0.13,0.859,0.000492,0.119,0.203,177.565,3
0YSswU4J4PRVpti8nR2JDT,"Lost Angel","La La La","Marinero",2025-02-14,26141,0,mmr4r23xnc6oh1c77lysfbqg4,2025-02-14T15:02:40Z,"","Hardly Art",0.315,0.37,1,-9.581,0,0.0338,0.871,0.502,0.162,0.316,69.144,4
3DsOxUSxJRwk9eXAOSmtcj,"Taquero","La La La","Marinero",2025-02-14,204376,8,mmr4r23xnc6oh1c77lysfbqg4,2025-02-14T15:02:40Z,"","Hardly Art",0.592,0.682,6,-3.74,0,0.0296,0.196,0.00802,0.0772,0.767,99.483,4
1rqGes0oHiWQRoIhsWqcGo,"Dream Suite","La La La","Marinero",2025-02-14,234637,11,mmr4r23xnc6oh1c77lysfbqg4,2025-02-14T15:02:40Z,"","Hardly Art",0.576,0.717,5,-4.045,0,0.028,0.325,0.000573,0.249,0.607,88.003,4
0jvBX311SM2ZL07Elb5xLJ,"The Mystery of Miss Mari Jane","La La La","Marinero",2025-02-14,241588,7,mmr4r23xnc6oh1c77lysfbqg4,2025-02-14T15:02:40Z,"","Hardly Art",0.665,0.661,6,-5.236,0,0.0241,0.0229,0.0419,0.403,0.468,108.984,4
46llDAQ0YRHNFYyTBuXkwb,"Cha Cha Cha","La La La","Marinero",2025-02-14,51547,7,mmr4r23xnc6oh1c77lysfbqg4,2025-02-14T15:02:40Z,"","Hardly Art",0.697,0.726,9,-7.617,0,0.0464,0.614,0.905,0.22,0.966,125.002,4
3kAZBHoL3IKYbnP9tGQ7hE,"Sea Changes","La La La","Marinero",2025-02-14,241132,7,mmr4r23xnc6oh1c77lysfbqg4,2025-02-14T15:02:40Z,"","Hardly Art",0.665,0.726,2,-4.354,0,0.038,0.517,0.0011,0.199,0.481,121.632,4
38PWwzwC3tMeykq725pR3P,"Cinema Lover","La La La","Marinero",2025-02-14,224151,7,mmr4r23xnc6oh1c77lysfbqg4,2025-02-14T15:02:40Z,"","Hardly Art",0.621,0.827,1,-2.506,0,0.0321,0.632,0.000691,0.269,0.536,116.002,4
0UL50Bx0G0G5R8LMjJOEjp,"Die Again, Yesterday","La La La","Marinero",2025-02-14,232685,6,mmr4r23xnc6oh1c77lysfbqg4,2025-02-14T15:02:40Z,"","Hardly Art",0.561,0.726,10,-2.743,1,0.0289,0.00313,0.00166,0.0855,0.515,123.96,4
1mYLcSCHBNo9V3di7DERqS,"Hollywood Ten","La La La","Marinero",2025-02-14,269834,6,mmr4r23xnc6oh1c77lysfbqg4,2025-02-14T15:02:40Z,"","Hardly Art",0.703,0.662,5,-3.841,1,0.0314,0.761,0.00556,0.0853,0.575,124.941,4
6biESjXIAIcWp5z5q6eDoZ,"Pocha Pachanga","La La La","Marinero",2025-02-14,194226,5,mmr4r23xnc6oh1c77lysfbqg4,2025-02-14T15:02:40Z,"","Hardly Art",0.613,0.81,11,-2.627,0,0.039,0.377,0.0000029,0.326,0.794,118.049,4
7llS8FWw7B7NheQB0Cjdzy,"True Believer","Serene Demon","Art d'Ecco",2025-02-14,199323,13,mmr4r23xnc6oh1c77lysfbqg4,2025-02-14T15:03:00Z,"","Paper Bag Records",0.666,0.673,4,-6.28,0,0.0348,0.000282,0.192,0.171,0.799,150.032,4
0RIaDSU7UaRExCiO6904J4,"Cooler Than This","Serene Demon","Art d'Ecco",2025-02-14,265344,12,mmr4r23xnc6oh1c77lysfbqg4,2025-02-14T15:03:00Z,"","Paper Bag Records",0.804,0.556,4,-5.662,0,0.0312,0.012,0.00316,0.116,0.485,116.001,4
2p66RxPoZQd6E8fbq2QOIF,"Survival Of The Fittest","Serene Demon","Art d'Ecco",2025-02-14,224517,11,mmr4r23xnc6oh1c77lysfbqg4,2025-02-14T15:03:00Z,"","Paper Bag Records",0.652,0.828,1,-6.4,1,0.0612,0.0088,0.00932,0.169,0.406,131.936,4
3WBecJY7EJ8KWZikPhP7Rf,"Tree Of Life","Serene Demon","Art d'Ecco",2025-02-14,188898,14,mmr4r23xnc6oh1c77lysfbqg4,2025-02-14T15:03:00Z,"","Paper Bag Records",0.628,0.821,2,-5.632,1,0.0319,0.00218,0.0259,0.0582,0.907,136.016,4
7f6601Ox79GE9OXPcX96DM,"The Traveller","Serene Demon","Art d'Ecco",2025-02-14,208738,10,mmr4r23xnc6oh1c77lysfbqg4,2025-02-14T15:03:00Z,"","Paper Bag Records",0.745,0.696,11,-6.147,0,0.0403,0.000335,0.329,0.0535,0.861,140.016,4
1ZSwPaF434PjdcW5pFei8s,"Meursault's Walk","Serene Demon","Art d'Ecco",2025-02-14,154570,9,mmr4r23xnc6oh1c77lysfbqg4,2025-02-14T15:03:00Z,"","Paper Bag Records",0.351,0.736,9,-5.903,1,0.0324,0.000615,0.939,0.181,0.258,140.045,3
6hthmiaw33EBvmtv8JV8ke,"Serene Demon","Serene Demon","Art d'Ecco",2025-02-14,442989,9,mmr4r23xnc6oh1c77lysfbqg4,2025-02-14T15:03:00Z,"","Paper Bag Records",0.359,0.623,0,-4.27,1,0.0303,0.00528,0.0501,0.236,0.266,122.955,4
3DUOygxk4LV3Bh7eeRNzmd,"Honeycomb","Serene Demon","Art d'Ecco",2025-02-14,188484,9,mmr4r23xnc6oh1c77lysfbqg4,2025-02-14T15:03:00Z,"","Paper Bag Records",0.649,0.69,9,-6.102,1,0.0304,0.0113,0.125,0.234,0.904,138.031,4
6nrrrpaX2vNJYeMqBJqg1J,"Shell Shock","Serene Demon","Art d'Ecco",2025-02-14,191202,8,mmr4r23xnc6oh1c77lysfbqg4,2025-02-14T15:03:00Z,"","Paper Bag Records",0.765,0.456,1,-8.138,1,0.0337,0.0343,0.616,0.11,0.68,98.029,4
7s2R96XFhtQ1W8AbQwinY4,"A Change Of Scenery","Serene Demon","Art d'Ecco",2025-02-14,233815,8,mmr4r23xnc6oh1c77lysfbqg4,2025-02-14T15:03:00Z,"","Paper Bag Records",0.653,0.779,11,-4.549,0,0.0331,0.00156,0.0493,0.466,0.5,107.005,4
5LFGH5fo4zTZkaWOHbabGk,"All These Little Things","A Million Knives","The Velveteers",2025-02-14,228084,22,mmr4r23xnc6oh1c77lysfbqg4,2025-02-14T15:03:56Z,"","Easy Eye Sound",0.428,0.844,0,-5.483,0,0.0432,0.00916,0.0000485,0.0805,0.271,145.893,3
0wLf4gdCzNnKX8p3wTJRr5,"Suck The Cherry","A Million Knives","The Velveteers",2025-02-14,183211,21,mmr4r23xnc6oh1c77lysfbqg4,2025-02-14T15:03:56Z,"","Easy Eye Sound",0.703,0.824,5,-7.137,0,0.0386,0.00534,0.0254,0.156,0.506,116.915,4
6wa8jEQ3voP00lB9zMlzpJ,"See Your Face","A Million Knives","The Velveteers",2025-02-14,147738,20,mmr4r23xnc6oh1c77lysfbqg4,2025-02-14T15:03:56Z,"","Easy Eye Sound",0.407,0.908,10,-6.054,0,0.165,0.00261,0.000914,0.665,0.587,150.824,4
2hPkhJeHNyRU8REsFBQuV8,"Bound In Leather","A Million Knives","The Velveteers",2025-02-14,230914,19,mmr4r23xnc6oh1c77lysfbqg4,2025-02-14T15:03:56Z,"","Easy Eye Sound",0.63,0.84,5,-5.213,0,0.0331,0.195,0.00000558,0.33,0.457,120.201,4
3VdmxxN63vwuvUhG5kL52i,"On And On","A Million Knives","The Velveteers",2025-02-14,146542,19,mmr4r23xnc6oh1c77lysfbqg4,2025-02-14T15:03:56Z,"","Easy Eye Sound",0.63,0.755,7,-5.959,1,0.0794,0.00244,0.000105,0.32,0.678,113.115,4
0V1ysdfmlxhRgNuHlDbnMy,"Sweet Little Hearts","A Million Knives","The Velveteers",2025-02-14,223476,19,mmr4r23xnc6oh1c77lysfbqg4,2025-02-14T15:03:56Z,"","Easy Eye Sound",0.603,0.71,1,-6.677,1,0.0474,0.00788,0.0000028,0.113,0.359,120.014,4
1sHUrvbYgpfsIgjYGTfQkY,"A Million Knives","A Million Knives","The Velveteers",2025-02-14,111050,18,mmr4r23xnc6oh1c77lysfbqg4,2025-02-14T15:03:56Z,"","Easy Eye Sound",0.445,0.152,9,-13.314,1,0.0384,0.93,0.0000678,0.107,0.0902,139.308,4
4W4jj2iiVKlj9i0WVDAt4O,"Moonchild","A Million Knives","The Velveteers",2025-02-14,298709,19,mmr4r23xnc6oh1c77lysfbqg4,2025-02-14T15:03:56Z,"","Easy Eye Sound",0.534,0.676,5,-6.426,1,0.0305,0.00804,0.00128,0.677,0.124,131.922,4
6nmK3NF1rek4lCTpRoH6DO,"Take It From The Top","A Million Knives","The Velveteers",2025-02-14,232041,32,mmr4r23xnc6oh1c77lysfbqg4,2025-02-14T15:03:56Z,"","Easy Eye Sound",0.638,0.744,5,-4.857,0,0.0456,0.00629,0.00000256,0.0366,0.593,120.962,4
5USwfiEju8EpwmptzPKFOq,"Go Fly Away","A Million Knives","The Velveteers",2025-02-14,172188,17,mmr4r23xnc6oh1c77lysfbqg4,2025-02-14T15:03:56Z,"","Easy Eye Sound",0.587,0.717,0,-5.266,1,0.0269,0.16,0.00000171,0.0608,0.546,95.051,4
0qYoK6O7FQRrBV05iOKUXA,"Up Here","A Million Knives","The Velveteers",2025-02-14,188738,17,mmr4r23xnc6oh1c77lysfbqg4,2025-02-14T15:03:56Z,"","Easy Eye Sound",0.542,0.378,5,-10.568,1,0.0261,0.535,0.00293,0.429,0.26,98.017,4
4C9vbbQzIfidKWifkapniC,"Heaven","A Million Knives","The Velveteers",2025-02-14,229876,17,mmr4r23xnc6oh1c77lysfbqg4,2025-02-14T15:03:56Z,"","Easy Eye Sound",0.477,0.723,5,-6.519,1,0.0413,0.00532,0.00000404,0.607,0.192,136.111,4
22oR6uzHl1LHkKOErv59xj,"Fix Me","A Million Knives","The Velveteers",2025-02-14,220459,16,mmr4r23xnc6oh1c77lysfbqg4,2025-02-14T15:03:56Z,"","Easy Eye Sound",0.355,0.377,5,-8.508,1,0.0298,0.0353,0.00000238,0.362,0.116,144.107,4
2Op29sbNPGiXr05CaDQlC1,"Getting Older","Dark Country","Gary Louris",2025-02-14,252160,16,mmr4r23xnc6oh1c77lysfbqg4,2025-02-14T15:04:09Z,"alt country,americana","SHAM",0.438,0.516,0,-8.073,1,0.0253,0.141,0.00724,0.115,0.46,84.741,4
3z2PU2AkL19LgeU5AJvfFr,"Couldn't Live a Day Without You","Dark Country","Gary Louris",2025-02-14,154840,15,mmr4r23xnc6oh1c77lysfbqg4,2025-02-14T15:04:09Z,"alt country,americana","SHAM",0.459,0.41,7,-8.035,1,0.0313,0.874,0.0688,0.121,0.594,89.633,4
3aaRBNeHdo3MP84EOUTT7g,"Dead Porcupine","Dark Country","Gary Louris",2025-02-14,293813,15,mmr4r23xnc6oh1c77lysfbqg4,2025-02-14T15:04:09Z,"alt country,americana","SHAM",0.397,0.488,2,-7.046,1,0.0307,0.097,0.0468,0.114,0.284,133.662,5
5NxJ8W78awYaHNnMiBIY7v,"By Your Side","Dark Country","Gary Louris",2025-02-14,304842,14,mmr4r23xnc6oh1c77lysfbqg4,2025-02-14T15:04:09Z,"alt country,americana","SHAM",0.392,0.321,0,-8.149,1,0.0286,0.639,0.000303,0.17,0.352,81.893,4
3XGWOp2KNynNQhwoDosRY1,"Living On My Phone","Dark Country","Gary Louris",2025-02-14,199480,13,mmr4r23xnc6oh1c77lysfbqg4,2025-02-14T15:04:09Z,"alt country,americana","SHAM",0.472,0.279,5,-10.719,1,0.0287,0.891,0.0000306,0.121,0.336,98.447,4
7exOSbD82Yuqiw2A32Y52T,"Blow 'em Away","Dark Country","Gary Louris",2025-02-14,251373,13,mmr4r23xnc6oh1c77lysfbqg4,2025-02-14T15:04:09Z,"alt country,americana","SHAM",0.386,0.456,2,-6.026,1,0.0276,0.751,0.15,0.0765,0.311,78.206,4
1pp1KExAp7AUHmc3lvNcuN,"Redefining Love","Dark Country","Gary Louris",2025-02-14,168973,12,mmr4r23xnc6oh1c77lysfbqg4,2025-02-14T15:04:09Z,"alt country,americana","SHAM",0.495,0.326,8,-10.213,0,0.0307,0.879,0.00366,0.103,0.401,82.133,4
6pWuiX36dQ46tP0rNzrVL6,"Better to Walk Than To Run","Dark Country","Gary Louris",2025-02-14,219333,12,mmr4r23xnc6oh1c77lysfbqg4,2025-02-14T15:04:09Z,"alt country,americana","SHAM",0.477,0.251,0,-10.272,1,0.0341,0.633,0.000252,0.114,0.336,90.915,4
6KpBkIbWsfF74miH3Jqy4M,"Listening to Bobby Charles","Dark Country","Gary Louris",2025-02-14,182680,11,mmr4r23xnc6oh1c77lysfbqg4,2025-02-14T15:04:09Z,"alt country,americana","SHAM",0.492,0.335,7,-8.592,1,0.0276,0.689,0,0.111,0.325,85.719,4
6BPuYEF4bziD9xPhZoWKyt,"Two Birds","Dark Country","Gary Louris",2025-02-14,219760,13,mmr4r23xnc6oh1c77lysfbqg4,2025-02-14T15:04:09Z,"alt country,americana","SHAM",0.499,0.527,6,-5.318,1,0.0296,0.474,0.187,0.121,0.159,133.055,4
0nBHWP9TjHMlX7p0R3MEjB,"Helping Hand","Dark Country","Gary Louris",2025-02-14,214586,11,mmr4r23xnc6oh1c77lysfbqg4,2025-02-14T15:04:09Z,"alt country,americana","SHAM",0.756,0.375,4,-10.838,1,0.034,0.871,0.355,0.109,0.731,102.015,4
3VpHRdLexQ42Ymvfr5K5WG,"Perfect Day","Dark Country","Gary Louris",2025-02-14,335160,10,mmr4r23xnc6oh1c77lysfbqg4,2025-02-14T15:04:09Z,"alt country,americana","SHAM",0.153,0.429,5,-8.756,1,0.0298,0.309,0.139,0.108,0.0684,171.486,4
4O3elvZKNllhTL9S6bAFAB,"I Love What We Do","I Love What We Do","Geoffrey O'Connor",2025-02-14,187674,4,mmr4r23xnc6oh1c77lysfbqg4,2025-02-14T15:05:17Z,"","Dinosaur City Records",0.562,0.727,11,-6.07,1,0.0308,0.143,0,0.616,0.524,113.026,4
6O6o0xgelpyVzaOMHiPp6o,"Let's Make Love Feel Good Again","I Love What We Do","Geoffrey O'Connor",2025-02-14,200980,3,mmr4r23xnc6oh1c77lysfbqg4,2025-02-14T15:05:17Z,"","Dinosaur City Records",0.621,0.756,8,-8.277,1,0.0322,0.00694,0.0538,0.16,0.65,105.008,4
4yNwlX4VbCauHxideyGoTa,"I Don't Want To Be Loved","I Love What We Do","Geoffrey O'Connor",2025-02-14,206264,3,mmr4r23xnc6oh1c77lysfbqg4,2025-02-14T15:05:17Z,"","Dinosaur City Records",0.441,0.675,2,-7.028,0,0.0271,0.0271,0.0012,0.13,0.461,84.45,4
1ye9MpBQGXkYxIkZpdsNnR,"With You I Have Time","I Love What We Do","Geoffrey O'Connor",2025-02-14,198231,2,mmr4r23xnc6oh1c77lysfbqg4,2025-02-14T15:05:17Z,"","Dinosaur City Records",0.554,0.709,6,-7.401,1,0.0313,0.0439,0.0192,0.139,0.455,94.026,4
3p9jIpUPr36RJFsO3avPXF,"I'm So Lonely I Could Fall In Love","I Love What We Do","Geoffrey O'Connor",2025-02-14,185496,3,mmr4r23xnc6oh1c77lysfbqg4,2025-02-14T15:05:17Z,"","Dinosaur City Records",0.548,0.506,8,-10.033,0,0.0302,0.15,0.0012,0.352,0.21,119.998,4
0cZpf2VKjpqETCed5ArVoM,"Love Takes What It Takes","I Love What We Do","Geoffrey O'Connor",2025-02-14,241648,2,mmr4r23xnc6oh1c77lysfbqg4,2025-02-14T15:05:17Z,"","Dinosaur City Records",0.663,0.456,3,-8.791,0,0.0277,0.262,0.000106,0.122,0.349,77.535,4
4QsH4PXBLMckQYz7inFZfb,"Late To Love","I Love What We Do","Geoffrey O'Connor",2025-02-14,252872,2,mmr4r23xnc6oh1c77lysfbqg4,2025-02-14T15:05:17Z,"","Dinosaur City Records",0.509,0.833,6,-6.532,0,0.0346,0.108,0.456,0.249,0.498,132.608,4
6HOJwmbmLFkNiJPXnGrAr1,"Thank God I'm Not Good","I Love What We Do","Geoffrey O'Connor",2025-02-14,213100,2,mmr4r23xnc6oh1c77lysfbqg4,2025-02-14T15:05:17Z,"","Dinosaur City Records",0.345,0.605,6,-8.829,0,0.0321,0.174,0.00597,0.119,0.417,175.649,4
2Dx3NhBvCzR78kNvSw8z87,"Amuse You","I Love What We Do","Geoffrey O'Connor",2025-02-14,169359,2,mmr4r23xnc6oh1c77lysfbqg4,2025-02-14T15:05:17Z,"","Dinosaur City Records",0.378,0.603,3,-8.857,0,0.0332,0.0145,0.00715,0.19,0.328,147.461,4
6FcADJB2dKaw8BJ5CDo9LB,"It's Nice To Think","I Love What We Do","Geoffrey O'Connor,Sarah Mary Chadwick",2025-02-14,136730,2,mmr4r23xnc6oh1c77lysfbqg4,2025-02-14T15:05:17Z,"","Dinosaur City Records",0.557,0.411,11,-10.177,0,0.0289,0.369,0.382,0.111,0.303,89.819,4
1f3j5jrBasUOx37mxZLalS,"Blood Knot","It Will Be Like Now","Vulture Feather",2025-02-14,289000,11,mmr4r23xnc6oh1c77lysfbqg4,2025-02-14T15:05:33Z,"","felte",0.533,0.906,2,-5.743,1,0.0258,0.0809,0.102,0.142,0.715,97.701,4
30yQvKtS0zmIoUkPHT9Irf,"Into Space","It Will Be Like Now","Vulture Feather",2025-02-14,249466,10,mmr4r23xnc6oh1c77lysfbqg4,2025-02-14T15:05:33Z,"","felte",0.203,0.737,5,-6.755,1,0.0306,0.00013,0.00174,0.0869,0.0956,106.018,4
3xQszh9moikg86yj1swdZC,"Flesh And Electronics","It Will Be Like Now","Vulture Feather",2025-02-14,234960,10,mmr4r23xnc6oh1c77lysfbqg4,2025-02-14T15:05:33Z,"","felte",0.351,0.766,5,-6.29,1,0.029,0.0109,0.00326,0.409,0.707,147.736,4
2AFTVXKQU5yrIjIANRJylc,"Calling From Afar","It Will Be Like Now","Vulture Feather",2025-02-14,284986,8,mmr4r23xnc6oh1c77lysfbqg4,2025-02-14T15:05:33Z,"","felte",0.351,0.753,0,-5.341,1,0.0306,0.014,0,0.16,0.498,125.503,4
4PiWaJjOSaH0qnCgkXuqIV,"Sweetest Friend","It Will Be Like Now","Vulture Feather",2025-02-14,241386,8,mmr4r23xnc6oh1c77lysfbqg4,2025-02-14T15:05:33Z,"","felte",0.34,0.668,8,-5.415,1,0.0319,0.00223,0.000627,0.101,0.279,97.036,4
2RWbBXDa55E2TQjXLb3YfX,"Like Now","It Will Be Like Now","Vulture Feather",2025-02-14,230120,7,mmr4r23xnc6oh1c77lysfbqg4,2025-02-14T15:05:33Z,"","felte",0.202,0.735,10,-6.145,1,0.0377,0.000296,0.199,0.144,0.0795,132.302,4
0MhuVB6GhM72q6kJzJG07K,"Only/Holy Name","It Will Be Like Now","Vulture Feather",2025-02-14,318040,7,mmr4r23xnc6oh1c77lysfbqg4,2025-02-14T15:05:33Z,"","felte",0.352,0.818,7,-6.643,0,0.0298,0.0101,0.174,0.0901,0.203,94.799,4
4PuCOuvgqJQWb6JKOkKLCG,"Let It Through","It Will Be Like Now","Vulture Feather",2025-02-14,268344,6,mmr4r23xnc6oh1c77lysfbqg4,2025-02-14T15:05:33Z,"","felte",0.375,0.424,10,-6.095,1,0.0267,0.338,0.00871,0.0893,0.216,78.878,4
7viwcaWK0oE6myVlryhzF4,"Lilys","Better Wonder","Kestrels,Weird Nightmare",2025-02-14,209293,9,mmr4r23xnc6oh1c77lysfbqg4,2025-02-14T15:05:47Z,"shoegaze,dream pop","Darla",0.334,0.731,7,-5.678,1,0.0506,0.000974,0.0128,0.144,0.399,142.11,4
6MZErVyAScNiVyBDD9rzaw,"Dream of You in Black","Better Wonder","Kestrels",2025-02-14,222746,10,mmr4r23xnc6oh1c77lysfbqg4,2025-02-14T15:05:47Z,"shoegaze,dream pop","Darla",0.237,0.896,2,-5.182,1,0.0633,0.000977,0.0415,0.114,0.466,145.999,4
1qu3cLKEsIPvLH4W8sh8c2,"Float Alone","Better Wonder","Kestrels",2025-02-14,156466,7,mmr4r23xnc6oh1c77lysfbqg4,2025-02-14T15:05:47Z,"shoegaze,dream pop","Darla",0.37,0.808,2,-5.977,1,0.0345,0.00846,0.137,0.561,0.591,140.991,4
41WtOx5DNjljHPY6xd70rS,"A Thousand Bare Diamonds","Better Wonder","Kestrels",2025-02-14,53066,6,mmr4r23xnc6oh1c77lysfbqg4,2025-02-14T15:05:47Z,"shoegaze,dream pop","Darla",0.221,0.241,9,-14.909,0,0.0437,0.978,0.278,0.0818,0.0347,80.902,4
6TwdQaPAaE8fVhEpz4JWf9,"Sleepless","Better Wonder","Kestrels",2025-02-14,200426,7,mmr4r23xnc6oh1c77lysfbqg4,2025-02-14T15:05:47Z,"shoegaze,dream pop","Darla",0.343,0.922,11,-6.233,1,0.0746,0.0259,0.589,0.125,0.399,150.081,4
56KbUGnm1hweY3OjBB9FlZ,"It Would","Better Wonder","Kestrels",2025-02-14,277053,6,mmr4r23xnc6oh1c77lysfbqg4,2025-02-14T15:05:47Z,"shoegaze,dream pop","Darla",0.333,0.628,5,-7.657,1,0.0382,0.145,0.0614,0.0708,0.0699,139.902,4
1YdIoi7nNcmgBuzpKGoxXu,"Sunflower","Better Wonder","Kestrels",2025-02-14,31533,5,mmr4r23xnc6oh1c77lysfbqg4,2025-02-14T15:05:47Z,"shoegaze,dream pop","Darla",0.233,0.188,9,-10.688,1,0.0402,0.902,0.0352,0.116,0.478,126.082,4
7k7L09kIxgdA7774GqqkpK,"Free Forever","Better Wonder","Kestrels",2025-02-14,195613,6,mmr4r23xnc6oh1c77lysfbqg4,2025-02-14T15:05:47Z,"shoegaze,dream pop","Darla",0.426,0.791,2,-6.037,1,0.0376,0.00401,0.00795,0.128,0.626,138.964,4
0WbDqRfpMayKuixoCOK4kC,"Nightlife","Better Wonder","Kestrels",2025-02-14,198373,5,mmr4r23xnc6oh1c77lysfbqg4,2025-02-14T15:05:47Z,"shoegaze,dream pop","Darla",0.329,0.96,7,-5.529,1,0.0931,0.000692,0.713,0.223,0.159,149.905,4
6TpHV3nRbAGNiIXALDHZoq,"Interstellar","Better Wonder","Kestrels",2025-02-14,207293,5,mmr4r23xnc6oh1c77lysfbqg4,2025-02-14T15:05:47Z,"shoegaze,dream pop","Darla",0.304,0.857,9,-6.18,1,0.0655,0.00903,0.0872,0.312,0.308,152.922,4
7oNPiu40V5Yd1Wg4UEU5w6,"Nausicaa","Better Wonder","Kestrels",2025-02-14,331520,5,mmr4r23xnc6oh1c77lysfbqg4,2025-02-14T15:05:47Z,"shoegaze,dream pop","Darla",0.321,0.555,7,-8,1,0.031,0.0834,0.278,0.105,0.0682,94.853,4
4CnKVBirAeKmA3K1epxNNU,"Total Bummer","Better Wonder","Kestrels",2025-02-14,174346,5,mmr4r23xnc6oh1c77lysfbqg4,2025-02-14T15:05:47Z,"shoegaze,dream pop","Darla",0.418,0.829,2,-6.865,1,0.0409,0.0221,0.0603,0.112,0.271,114.989,4
30rzsNnKkQWhyQO4xxCRne,"Sorry I'm Late, I Didn't Want To Come","Oh! The Ocean","The Wombats",2025-02-14,199760,41,mmr4r23xnc6oh1c77lysfbqg4,2025-02-14T15:07:47Z,"indie","The Wombats",0.716,0.505,2,-7.643,1,0.0309,0.18,0.00000899,0.102,0.451,125.017,4
5tHUOYZMCOHCZKzqalt1Hv,"Can't Say No","Oh! The Ocean","The Wombats",2025-02-14,192706,41,mmr4r23xnc6oh1c77lysfbqg4,2025-02-14T15:07:47Z,"indie","The Wombats",0.542,0.739,5,-6.573,1,0.049,0.000143,0.00000101,0.22,0.837,130.039,4
5cF1f1Y328cDMDiV37mddF,"Blood On The Hospital Floor","Oh! The Ocean","The Wombats",2025-02-14,186666,40,mmr4r23xnc6oh1c77lysfbqg4,2025-02-14T15:07:47Z,"indie","The Wombats",0.436,0.811,11,-6.821,1,0.0429,0.000267,0.00379,0.128,0.489,159.99,4
1WvPLZZBta9oAaH7JnFNpb,"Kate Moss","Oh! The Ocean","The Wombats",2025-02-14,213640,41,mmr4r23xnc6oh1c77lysfbqg4,2025-02-14T15:07:47Z,"indie","The Wombats",0.65,0.504,8,-10.95,1,0.0775,0.0141,0.0214,0.294,0.214,156.123,4
303jf3dXc9KQHKxge0bS71,"Gut-Punch","Oh! The Ocean","The Wombats",2025-02-14,208800,40,mmr4r23xnc6oh1c77lysfbqg4,2025-02-14T15:07:47Z,"indie","The Wombats",0.582,0.603,5,-7.3,1,0.0315,0.0915,0.00000121,0.0914,0.68,137.913,4
2jXXBqNlklYjCpTH5Jc3no,"My Head Is Not My Friend","Oh! The Ocean","The Wombats",2025-02-14,236040,39,mmr4r23xnc6oh1c77lysfbqg4,2025-02-14T15:07:47Z,"indie","The Wombats",0.528,0.633,7,-9.924,1,0.0665,0.482,0.00187,0.0932,0.0744,159.901,4
57YAiU79py7qXu05oW0cNI,"I Love America And She Hates Me","Oh! The Ocean","The Wombats",2025-02-14,219173,48,mmr4r23xnc6oh1c77lysfbqg4,2025-02-14T15:07:47Z,"indie","The Wombats",0.534,0.676,7,-6.905,0,0.0318,0.0261,0,0.0626,0.172,100.983,4
7AYjwRfTShiOfW5BBBxSqk,"The World's Not Out To Get Me, I Am","Oh! The Ocean","The Wombats",2025-02-14,187933,39,mmr4r23xnc6oh1c77lysfbqg4,2025-02-14T15:07:47Z,"indie","The Wombats",0.598,0.672,9,-8.963,1,0.048,0.0389,0.0000016,0.151,0.549,93.011,4
30miEyncb4l3KT5ZuOKGzj,"Grim Reaper","Oh! The Ocean","The Wombats",2025-02-14,184613,39,mmr4r23xnc6oh1c77lysfbqg4,2025-02-14T15:07:47Z,"indie","The Wombats",0.578,0.819,2,-7.995,0,0.0348,0.371,0,0.128,0.743,138.952,4
7acdsuGsZmiHvtddYgMgeu,"Reality Is A Wild Ride","Oh! The Ocean","The Wombats",2025-02-14,197626,38,mmr4r23xnc6oh1c77lysfbqg4,2025-02-14T15:07:47Z,"indie","The Wombats",0.618,0.733,9,-7.644,1,0.0242,0.0711,0,0.299,0.788,100.009,4
7GHJrWPZKEBwAqt3I7Rp9B,"Swerve (101)","Oh! The Ocean","The Wombats",2025-02-14,222586,38,mmr4r23xnc6oh1c77lysfbqg4,2025-02-14T15:07:47Z,"indie","The Wombats",0.511,0.685,2,-8.819,1,0.0425,0.00338,0.323,0.126,0.183,119.944,4
69AlqL0LKvcc67srWDfE1w,"Lobster","Oh! The Ocean","The Wombats",2025-02-14,287400,37,mmr4r23xnc6oh1c77lysfbqg4,2025-02-14T15:07:47Z,"indie","The Wombats",0.587,0.701,0,-8.426,1,0.0412,0.0472,0.000294,0.101,0.933,162.002,4
6qzoZnjgXpyBELRglVqRZ5,"Heart of Darkness","You'll Know It Was Me","Church Tongue",2025-02-14,148026,24,jaytroymo,2025-02-14T16:40:53Z,"metalcore,melodic hardcore","Pure Noise Records",0.294,0.938,7,-4.196,1,0.129,0.000494,0,0.143,0.326,160.91,1
5tVFkspiMzP2AoJDb3ISgg,"One Hand Wrapped Around the Sun","You'll Know It Was Me","Church Tongue",2025-02-14,86320,22,jaytroymo,2025-02-14T16:40:53Z,"metalcore,melodic hardcore","Pure Noise Records",0.431,0.979,1,-4.759,1,0.0947,0.0000919,0.00000292,0.111,0.367,94.857,4
3YBPmeD0s8rsvnWsS9n5Gi,"When It Betrays (feat. Colin Young)","You'll Know It Was Me","Church Tongue,Twitching Tongues,Colin Young",2025-02-14,170746,22,jaytroymo,2025-02-14T16:40:53Z,"metalcore,melodic hardcore,hardcore,hardcore punk","Pure Noise Records",0.216,0.93,1,-4.167,1,0.151,0.0000845,0.00000157,0.073,0.36,75.63,4
2DVLDrPgTUVLC6F4JElcuL,"The Fury of Love (feat. Crystal Pak)","You'll Know It Was Me","Church Tongue,Initiate,Crystal Pak",2025-02-14,279906,23,jaytroymo,2025-02-14T16:40:53Z,"metalcore,melodic hardcore,hardcore punk,hardcore","Pure Noise Records",0.278,0.88,0,-4.965,1,0.111,0.000993,0,0.0709,0.296,82.989,4
6mIsG2vgwkJdo0Y0RQ33bB,"Bury Me (One Thousand Times)","You'll Know It Was Me","Church Tongue",2025-02-14,141000,20,jaytroymo,2025-02-14T16:40:53Z,"metalcore,melodic hardcore","Pure Noise Records",0.261,0.942,0,-4.451,1,0.155,0.00115,0,0.249,0.207,178.745,4
3i1JqxyQn1Zmya2I3v4NhA,"You'll Know It Was Me (feat. George Clarke)","You'll Know It Was Me","Church Tongue,Deafheaven,George Clarke",2025-02-14,266133,31,jaytroymo,2025-02-14T16:40:53Z,"metalcore,melodic hardcore,black metal,shoegaze,post-rock","Pure Noise Records",0.582,0.506,8,-6.876,1,0.0517,0.00793,0.00000627,0.126,0.0622,119.994,3
4BRrRV4VbLaKXwZHFl2zks,"Unlawful Assembly","(AU)","Thomas Erak & The Ouroboros",2025-02-14,222531,11,jaytroymo,2025-02-14T16:41:42Z,"post-hardcore,emocore,metalcore","Equal Vision Records",0.457,0.792,5,-8.219,1,0.0542,0.000218,0.825,0.313,0.509,157.891,3
2bw7CotMspf0JaNZ0hV9wg,"Conjugal Visits","(AU)","Thomas Erak & The Ouroboros",2025-02-14,171117,11,jaytroymo,2025-02-14T16:41:42Z,"post-hardcore,emocore,metalcore","Equal Vision Records",0.314,0.965,4,-5.09,1,0.185,0.000222,0.829,0.342,0.28,178.826,4
5pkUPzX838NSAdzelauJF3,"A.D.D.T.M. (Attention Deficit Disorder of The Masses)","(AU)","Thomas Erak & The Ouroboros",2025-02-14,184160,10,jaytroymo,2025-02-14T16:41:42Z,"post-hardcore,emocore,metalcore","Equal Vision Records",0.515,0.969,11,-4.222,1,0.0738,0.00283,0.132,0.496,0.692,128.02,4
4wgRBBqKXixFIpJUFVY5nq,"DCLXVI (666)","(AU)","Thomas Erak & The Ouroboros",2025-02-14,257746,10,jaytroymo,2025-02-14T16:41:42Z,"post-hardcore,emocore,metalcore","Equal Vision Records",0.485,0.941,8,-6.173,0,0.0518,0.0000244,0.853,0.14,0.575,142.086,4
4hoUZFGUE3ehLeHJfEsE7X,"How High Is Your I.Q.?","(AU)","Thomas Erak & The Ouroboros",2025-02-14,179900,9,jaytroymo,2025-02-14T16:41:42Z,"post-hardcore,emocore,metalcore","Equal Vision Records",0.497,0.969,8,-5.082,1,0.109,0.0000206,0.611,0.0798,0.59,150.047,3
2TCHBmFpqoNOapeVI2z5AQ,"Figure It Out!","(AU)","Thomas Erak & The Ouroboros,Mario Camarena",2025-02-14,277680,10,jaytroymo,2025-02-14T16:41:42Z,"post-hardcore,emocore,metalcore","Equal Vision Records",0.469,0.88,1,-5.269,1,0.0515,0.0000139,0.575,0.306,0.292,124.993,4
5FSUsy2tVeNzmCBdCfq3U0,"Fucking Up","(AU)","Thomas Erak & The Ouroboros",2025-02-14,266470,8,jaytroymo,2025-02-14T16:41:42Z,"post-hardcore,emocore,metalcore","Equal Vision Records",0.368,0.835,3,-7.113,0,0.0441,0.00288,0.667,0.362,0.406,170.405,4
6NWOudYXRLSsUOihNu9jVg,"Colic","(AU)","Thomas Erak & The Ouroboros",2025-02-14,340449,8,jaytroymo,2025-02-14T16:41:42Z,"post-hardcore,emocore,metalcore","Equal Vision Records",0.384,0.862,4,-7.09,1,0.0684,0.00181,0.0733,0.138,0.258,89.106,4
24EBc5GmPsSvoaQXb0mn7I,"Thousands Of Dead Satellites","(AU)","Thomas Erak & The Ouroboros",2025-02-14,210122,7,jaytroymo,2025-02-14T16:41:42Z,"post-hardcore,emocore,metalcore","Equal Vision Records",0.193,0.96,6,-4.975,1,0.153,0.000027,0.859,0.339,0.457,81.334,4
4NIa5Ria7DWlXOC76EHPmL,"Triggered","(AU)","Thomas Erak & The Ouroboros",2025-02-14,215294,7,jaytroymo,2025-02-14T16:41:42Z,"post-hardcore,emocore,metalcore","Equal Vision Records",0.531,0.811,8,-5.8,0,0.0367,0.013,0.00351,0.162,0.449,110.49,4
707GBJRUhEmEgpCuvtnOas,"You Got The Wrong One Today, Buddy...","(AU)","Thomas Erak & The Ouroboros",2025-02-14,209378,7,jaytroymo,2025-02-14T16:41:42Z,"post-hardcore,emocore,metalcore","Equal Vision Records",0.32,0.95,8,-4.871,1,0.174,0.000763,0.101,0.23,0.307,112.735,5
7nJ2bIpSGfanbDLVQOVPLX,"Dial Tone","(AU)","Thomas Erak & The Ouroboros",2025-02-14,231359,6,jaytroymo,2025-02-14T16:41:42Z,"post-hardcore,emocore,metalcore","Equal Vision Records",0.428,0.962,6,-4.725,0,0.103,0.000471,0.614,0.253,0.654,177.399,4
7uu0LZS3th8pEQPwGhxClG,"Wormhole","(AU)","Thomas Erak & The Ouroboros",2025-02-14,314523,6,jaytroymo,2025-02-14T16:41:42Z,"post-hardcore,emocore,metalcore","Equal Vision Records",0.487,0.785,6,-7.129,1,0.0436,0.0000138,0.0484,0.0651,0.251,126.042,4
6PeAt8pcz7SnpketYqNs3N,"this is the best night of my life!","to you, after 2000 years","Customer Service",2025-02-14,111518,16,jaytroymo,2025-02-14T18:02:46Z,"midwest emo","Royal Mountain Records",0.316,0.93,2,-4.348,1,0.0917,0.0064,0,0.902,0.599,92.908,4
6i3Yih3Oxd4bdObyNfxeWC,"and it feels","to you, after 2000 years","Customer Service",2025-02-14,128735,11,jaytroymo,2025-02-14T18:02:46Z,"midwest emo","Royal Mountain Records",0.501,0.936,8,-5.508,1,0.0631,0.000554,0.4,0.393,0.738,144.038,4
09bmomhNs8GLrZW237lgd2,"bury me on vernon street","to you, after 2000 years","Customer Service",2025-02-14,121809,12,jaytroymo,2025-02-14T18:02:46Z,"midwest emo","Royal Mountain Records",0.322,0.365,1,-10.417,1,0.0747,0.805,0.00000117,0.417,0.546,184.592,3
7HAwHKfd8Soml0y1Y2x7fJ,"I Luv U Honeybear","I Love You, Honeybear Demos, etc.","Father John Misty",2025-02-14,251405,37,mmr4r23xnc6oh1c77lysfbqg4,2025-02-17T21:02:19Z,"chamber pop","Sub Pop Records",0.335,0.485,7,-12.509,0,0.0623,0.809,0,0.357,0.309,106.608,4
3qsBPBoNSeBFEvEagkrvms,"Chateau First Time","I Love You, Honeybear Demos, etc.","Father John Misty",2025-02-14,245672,35,mmr4r23xnc6oh1c77lysfbqg4,2025-02-17T21:02:19Z,"chamber pop","Sub Pop Records",0.323,0.714,0,-12.285,1,0.0503,0.602,0.000873,0.773,0.492,179.914,4
2IW53baOqQPrnTORVmzQI3,"True Affection","I Love You, Honeybear Demos, etc.","Father John Misty",2025-02-14,138737,34,mmr4r23xnc6oh1c77lysfbqg4,2025-02-17T21:02:19Z,"chamber pop","Sub Pop Records",0.628,0.528,0,-14.716,1,0.0582,0.103,0.13,0.1,0.557,111.006,4
0TaaxSnqOeBo8cEfxtbTNK,"Smiling Astride Me","I Love You, Honeybear Demos, etc.","Father John Misty",2025-02-14,183534,32,mmr4r23xnc6oh1c77lysfbqg4,2025-02-17T21:02:19Z,"chamber pop","Sub Pop Records",0.628,0.598,1,-12.343,1,0.0503,0.711,0.00988,0.399,0.238,110.873,4
3K2yOPnvl3CjWUz3X5rDfD,"Strange Encounter","I Love You, Honeybear Demos, etc.","Father John Misty",2025-02-14,229707,32,mmr4r23xnc6oh1c77lysfbqg4,2025-02-17T21:02:19Z,"chamber pop","Sub Pop Records",0.318,0.558,11,-12.707,0,0.0397,0.78,0,0.328,0.225,187.803,4
0pdo31RvRVfB9zfon0lkxn,"Past Is a Nightmare I'm Trying to Wake Up From","I Love You, Honeybear Demos, etc.","Father John Misty",2025-02-14,224798,33,mmr4r23xnc6oh1c77lysfbqg4,2025-02-17T21:02:19Z,"chamber pop","Sub Pop Records",0.648,0.501,9,-11.348,1,0.0328,0.781,0.00000244,0.44,0.586,119.919,4
5D6n3fiZPtpViWn8SqQu0D,"Bored In The USA","I Love You, Honeybear Demos, etc.","Father John Misty",2025-02-14,253143,30,mmr4r23xnc6oh1c77lysfbqg4,2025-02-17T21:02:19Z,"chamber pop","Sub Pop Records",0.322,0.0723,5,-16.884,1,0.0459,0.824,0,0.145,0.158,190.447,4
40NRZZy7qprOF9W3t7b8ow,"Went To The Store","I Love You, Honeybear Demos, etc.","Father John Misty",2025-02-14,268936,29,mmr4r23xnc6oh1c77lysfbqg4,2025-02-17T21:02:19Z,"chamber pop","Sub Pop Records",0.316,0.0362,3,-23.107,1,0.0688,0.914,0.0000669,0.131,0.12,60.311,4
2WmP7NG38YmeDibPCXABCq,"Nobody's Nixon","I Love You, Honeybear Demos, etc.","Father John Misty",2025-02-14,230325,30,mmr4r23xnc6oh1c77lysfbqg4,2025-02-17T21:02:19Z,"chamber pop","Sub Pop Records",0.496,0.219,2,-11.646,1,0.0336,0.813,0,0.0827,0.281,102.882,4
4uW73gnCzqfx0BB0g4yBd0,"Heart-Shaped Box - Sirius XM Session","I Love You, Honeybear Demos, etc.","Father John Misty",2025-02-14,200953,32,mmr4r23xnc6oh1c77lysfbqg4,2025-02-17T21:02:19Z,"chamber pop","Sub Pop Records",0.536,0.337,5,-13.215,1,0.028,0.0631,0,0.101,0.216,79.477,4
4dAfH8jsWwcjER8Yf3fXel,"I Loved You Honeybee","I Love You, Honeybear Demos, etc.","Father John Misty",2025-02-14,288209,42,mmr4r23xnc6oh1c77lysfbqg4,2025-02-17T21:02:19Z,"chamber pop","Sub Pop Records",0.222,0.439,7,-6.293,0,0.0333,0.751,0.0000102,0.0769,0.155,78.106,4
