Playlist ID,Track ID,Track Name,Album Name,Artist Name(s),Release Date,Duration (ms),Popularity,Added By,Added At,Genres,Record Label,Danceability,Energy,Key,Loudness,Mode,Speechiness,Acousticness,Instrumentalness,Liveness,Valence,Tempo,Time Signature
7tEBkfh5pbsLMSnXYSueQ3,0UOeq7bSskoJa4cJaJOmFS,Ticking,Letter to Self,SPRINTS,2024-01-05,186949,31,mmr4r23xnc6oh1c77lysfbqg4,2025-01-29T00:53:10Z,N/A,N/A,,,,,,,,,,,,
7tEBkfh5pbsLMSnXYSueQ3,02bA26OEe0nNFyE3YcNx4K,Heavy,Letter to Self,SPRINTS,2024-01-05,207409,45,mmr4r23xnc6oh1c77lysfbqg4,2025-01-29T00:53:10Z,N/A,N/A,,,,,,,,,,,,
7tEBkfh5pbsLMSnXYSueQ3,7IPDhCIQlpvxVxtC1Q7Jq4,Cathedral,Letter to Self,SPRINTS,2024-01-05,179694,30,mmr4r23xnc6oh1c77lysfbqg4,2025-01-29T00:53:10Z,N/A,N/A,,,,,,,,,,,,
7tEBkfh5pbsLMSnXYSueQ3,65fPteG9ctHt2rrJxlbMr8,Shaking Their Hands,Letter to Self,SPRINTS,2024-01-05,222489,28,mmr4r23xnc6oh1c77lysfbqg4,2025-01-29T00:53:10Z,N/A,N/A,,,,,,,,,,,,
7tEBkfh5pbsLMSnXYSueQ3,4UgkFdXpJD0fhw06BMk0bz,Adore Adore Adore,Letter to Self,SPRINTS,2024-01-05,157766,35,mmr4r23xnc6oh1c77lysfbqg4,2025-01-29T00:53:10Z,N/A,N/A,,,,,,,,,,,,
7tEBkfh5pbsLMSnXYSueQ3,1ztIebjhmfFdYPhH4m6ORE,Shadow of a Doubt,Letter to Self,SPRINTS,2024-01-05,250306,31,mmr4r23xnc6oh1c77lysfbqg4,2025-01-29T00:53:10Z,N/A,N/A,,,,,,,,,,,,
7tEBkfh5pbsLMSnXYSueQ3,4pdVm2h5g5aFu1kZpFmXk4,Can't Get Enough of It,Letter to Self,SPRINTS,2024-01-05,259773,26,mmr4r23xnc6oh1c77lysfbqg4,2025-01-29T00:53:10Z,N/A,N/A,,,,,,,,,,,,
7tEBkfh5pbsLMSnXYSueQ3,0clnmlnbuEFBRijmhFQEWB,Literary Mind,Letter to Self,SPRINTS,2024-01-05,272061,31,mmr4r23xnc6oh1c77lysfbqg4,2025-01-29T00:53:10Z,N/A,N/A,,,,,,,,,,,,
7tEBkfh5pbsLMSnXYSueQ3,0uXd851Se9fTi6vqQRBABR,A Wreck (A Mess),Letter to Self,SPRINTS,2024-01-05,216595,24,mmr4r23xnc6oh1c77lysfbqg4,2025-01-29T00:53:10Z,N/A,N/A,,,,,,,,,,,,
7tEBkfh5pbsLMSnXYSueQ3,469d5BNae99knRggeaqA0n,Up and Comer,Letter to Self,SPRINTS,2024-01-05,226385,32,mmr4r23xnc6oh1c77lysfbqg4,2025-01-29T00:53:10Z,N/A,N/A,,,,,,,,,,,,
7tEBkfh5pbsLMSnXYSueQ3,37goVPAgmZhK5YqAysIBex,Letter to Self,Letter to Self,SPRINTS,2024-01-05,200341,24,mmr4r23xnc6oh1c77lysfbqg4,2025-01-29T00:53:10Z,N/A,N/A,,,,,,,,,,,,
7tEBkfh5pbsLMSnXYSueQ3,5gpF86jlx7jFejfsvJq7X8,The Ground,Big Sigh,Marika Hackman,2024-01-12,151080,24,mmr4r23xnc6oh1c77lysfbqg4,2025-01-29T00:53:10Z,N/A,N/A,,,,,,,,,,,,
7tEBkfh5pbsLMSnXYSueQ3,1emvaO5ytjc0mZWqDjmig6,No Caffeine,Big Sigh,Marika Hackman,2024-01-12,191786,38,mmr4r23xnc6oh1c77lysfbqg4,2025-01-29T00:53:10Z,N/A,N/A,,,,,,,,,,,,
7tEBkfh5pbsLMSnXYSueQ3,2iQ2LTwjY1Li5bxdqP1WtF,Big Sigh,Big Sigh,Marika Hackman,2024-01-12,242626,29,mmr4r23xnc6oh1c77lysfbqg4,2025-01-29T00:53:10Z,N/A,N/A,,,,,,,,,,,,
7tEBkfh5pbsLMSnXYSueQ3,2nkAjiZKgqEtcezjXypwmV,Blood,Big Sigh,Marika Hackman,2024-01-12,229280,40,mmr4r23xnc6oh1c77lysfbqg4,2025-01-29T00:53:10Z,N/A,N/A,,,,,,,,,,,,
7tEBkfh5pbsLMSnXYSueQ3,7ngItS6O7mw2Iba52BZgXF,Hanging,Big Sigh,Marika Hackman,2024-01-12,233680,25,mmr4r23xnc6oh1c77lysfbqg4,2025-01-29T00:53:10Z,N/A,N/A,,,,,,,,,,,,
7tEBkfh5pbsLMSnXYSueQ3,7Ivv6e8HyJunNnXmmFKp80,The Lonely House,Big Sigh,Marika Hackman,2024-01-12,149333,23,mmr4r23xnc6oh1c77lysfbqg4,2025-01-29T00:53:10Z,N/A,N/A,,,,,,,,,,,,
7tEBkfh5pbsLMSnXYSueQ3,03qtPCrUYGGh1pW9oLpU8N,Vitamins,Big Sigh,Marika Hackman,2024-01-12,252360,26,mmr4r23xnc6oh1c77lysfbqg4,2025-01-29T00:53:10Z,N/A,N/A,,,,,,,,,,,,
7tEBkfh5pbsLMSnXYSueQ3,63dBoOHF8DYRxaAEGA06KY,Slime,Big Sigh,Marika Hackman,2024-01-12,238946,31,mmr4r23xnc6oh1c77lysfbqg4,2025-01-29T00:53:10Z,N/A,N/A,,,,,,,,,,,,
7tEBkfh5pbsLMSnXYSueQ3,1ST4buAf2u9DsddAjmHxLI,Please Don’t Be So Kind,Big Sigh,Marika Hackman,2024-01-12,269053,27,mmr4r23xnc6oh1c77lysfbqg4,2025-01-29T00:53:10Z,N/A,N/A,,,,,,,,,,,,
7tEBkfh5pbsLMSnXYSueQ3,3d6CZ2dTOoSLqvfQG0rqjJ,The Yellow Mile,Big Sigh,Marika Hackman,2024-01-12,183706,33,mmr4r23xnc6oh1c77lysfbqg4,2025-01-29T00:53:10Z,N/A,N/A,,,,,,,,,,,,
7tEBkfh5pbsLMSnXYSueQ3,2berFinu7WImpR2fHLO8YV,I Know That It’s Like This (Baby),Iechyd Da,Bill Ryder-Jones,2024-01-12,272693,33,mmr4r23xnc6oh1c77lysfbqg4,2025-01-29T00:53:10Z,N/A,N/A,,,,,,,,,,,,
7tEBkfh5pbsLMSnXYSueQ3,0jxLPdMZVoPpDhX7sVrGhA,A Bad Wind Blows In My Heart pt. 3,Iechyd Da,Bill Ryder-Jones,2024-01-12,237680,31,mmr4r23xnc6oh1c77lysfbqg4,2025-01-29T00:53:10Z,N/A,N/A,,,,,,,,,,,,
7tEBkfh5pbsLMSnXYSueQ3,13mBzRFHs27qs0fPlGG2jd,If Tomorrow Starts Without Me,Iechyd Da,Bill Ryder-Jones,2024-01-12,186266,36,mmr4r23xnc6oh1c77lysfbqg4,2025-01-29T00:53:10Z,N/A,N/A,,,,,,,,,,,,
7tEBkfh5pbsLMSnXYSueQ3,2uxIzj247ukJHBzMElth8I,We Don’t Need Them,Iechyd Da,Bill Ryder-Jones,2024-01-12,295106,29,mmr4r23xnc6oh1c77lysfbqg4,2025-01-29T00:53:10Z,N/A,N/A,,,,,,,,,,,,
7tEBkfh5pbsLMSnXYSueQ3,1rrbYRonZM7XZAAjcY8rWp,I Hold Something In My Hand,Iechyd Da,Bill Ryder-Jones,2024-01-12,184466,30,mmr4r23xnc6oh1c77lysfbqg4,2025-01-29T00:53:10Z,N/A,N/A,,,,,,,,,,,,
7tEBkfh5pbsLMSnXYSueQ3,5ArEw2BPOPCb1ogeo7vr36,This Can’t Go On,Iechyd Da,Bill Ryder-Jones,2024-01-12,270373,34,mmr4r23xnc6oh1c77lysfbqg4,2025-01-29T00:53:10Z,N/A,N/A,,,,,,,,,,,,
7tEBkfh5pbsLMSnXYSueQ3,28N0XrmeR5vLGHiOMl8BpN,...And The Sea...,Iechyd Da,Bill Ryder-Jones,2024-01-12,130360,27,mmr4r23xnc6oh1c77lysfbqg4,2025-01-29T00:53:10Z,N/A,N/A,,,,,,,,,,,,
7tEBkfh5pbsLMSnXYSueQ3,49o7OizklFhPH8ZujQSKA1,Nothing To Be Done,Iechyd Da,Bill Ryder-Jones,2024-01-12,242573,28,mmr4r23xnc6oh1c77lysfbqg4,2025-01-29T00:53:10Z,N/A,N/A,,,,,,,,,,,,
7tEBkfh5pbsLMSnXYSueQ3,205cUw3kIC5VlMVotuGarq,It’s Today Again,Iechyd Da,Bill Ryder-Jones,2024-01-12,213173,27,mmr4r23xnc6oh1c77lysfbqg4,2025-01-29T00:53:10Z,N/A,N/A,,,,,,,,,,,,
7tEBkfh5pbsLMSnXYSueQ3,1NLTFD6UpUNeVkYy5ujXgt,Christinha,Iechyd Da,Bill Ryder-Jones,2024-01-12,244280,26,mmr4r23xnc6oh1c77lysfbqg4,2025-01-29T00:53:10Z,N/A,N/A,,,,,,,,,,,,
7tEBkfh5pbsLMSnXYSueQ3,29wvuq2uL6sbOSx7OoK9PY,How Beautiful I Am,Iechyd Da,Bill Ryder-Jones,2024-01-12,258773,26,mmr4r23xnc6oh1c77lysfbqg4,2025-01-29T00:53:10Z,N/A,N/A,,,,,,,,,,,,
7tEBkfh5pbsLMSnXYSueQ3,6itgwendU9sXb63qv66eaT,Thankfully For Anthony,Iechyd Da,Bill Ryder-Jones,2024-01-12,294053,26,mmr4r23xnc6oh1c77lysfbqg4,2025-01-29T00:53:10Z,N/A,N/A,,,,,,,,,,,,
7tEBkfh5pbsLMSnXYSueQ3,4PxUdXd3aX8jW6DtK02dov,Nos Da,Iechyd Da,Bill Ryder-Jones,2024-01-12,97878,24,mmr4r23xnc6oh1c77lysfbqg4,2025-01-29T00:53:10Z,N/A,N/A,,,,,,,,,,,,
7tEBkfh5pbsLMSnXYSueQ3,2DJejaWAKa3BTTdwvzKVJO,"Sometimes, I Swear",Pick-Up Full Of Pink Carnations,The Vaccines,2024-01-12,218027,41,mmr4r23xnc6oh1c77lysfbqg4,2025-01-29T00:53:10Z,N/A,N/A,,,,,,,,,,,,
7tEBkfh5pbsLMSnXYSueQ3,0U9q5llCokADhEG2qeEhcB,Heartbreak Kid,Pick-Up Full Of Pink Carnations,The Vaccines,2024-01-12,180978,41,mmr4r23xnc6oh1c77lysfbqg4,2025-01-29T00:53:10Z,N/A,N/A,,,,,,,,,,,,
7tEBkfh5pbsLMSnXYSueQ3,7ysZK0xlf1jIWMkiVJoGLB,Lunar Eclipse,Pick-Up Full Of Pink Carnations,The Vaccines,2024-01-12,176578,40,mmr4r23xnc6oh1c77lysfbqg4,2025-01-29T00:53:10Z,N/A,N/A,,,,,,,,,,,,
7tEBkfh5pbsLMSnXYSueQ3,7oGpYDcFyHQSQS0CvEejVB,Discount De Kooning (Last One Standing),Pick-Up Full Of Pink Carnations,The Vaccines,2024-01-12,229165,41,mmr4r23xnc6oh1c77lysfbqg4,2025-01-29T00:53:10Z,N/A,N/A,,,,,,,,,,,,
7tEBkfh5pbsLMSnXYSueQ3,3B6FhGzs4KwaFIKtrSNgTN,Primitive Man,Pick-Up Full Of Pink Carnations,The Vaccines,2024-01-12,190206,32,mmr4r23xnc6oh1c77lysfbqg4,2025-01-29T00:53:10Z,N/A,N/A,,,,,,,,,,,,
7tEBkfh5pbsLMSnXYSueQ3,2UrGPH0pzmKqrV156PVU1F,Sunkissed,Pick-Up Full Of Pink Carnations,The Vaccines,2024-01-12,181482,35,mmr4r23xnc6oh1c77lysfbqg4,2025-01-29T00:53:10Z,N/A,N/A,,,,,,,,,,,,
7tEBkfh5pbsLMSnXYSueQ3,0hmu4aEl1clCqgGFbYskte,Another Nightmare,Pick-Up Full Of Pink Carnations,The Vaccines,2024-01-12,185407,31,mmr4r23xnc6oh1c77lysfbqg4,2025-01-29T00:53:10Z,N/A,N/A,,,,,,,,,,,,
7tEBkfh5pbsLMSnXYSueQ3,1GKsOmCVxqmNavF3nAIrwE,Love To Walk Away,Pick-Up Full Of Pink Carnations,The Vaccines,2024-01-12,127474,46,mmr4r23xnc6oh1c77lysfbqg4,2025-01-29T00:53:10Z,N/A,N/A,,,,,,,,,,,,
7tEBkfh5pbsLMSnXYSueQ3,1UIMFSkWowqlaihZWi8X4r,The Dreamer,Pick-Up Full Of Pink Carnations,The Vaccines,2024-01-12,219201,34,mmr4r23xnc6oh1c77lysfbqg4,2025-01-29T00:53:10Z,N/A,N/A,,,,,,,,,,,,
7tEBkfh5pbsLMSnXYSueQ3,1zfovYzWWShG2yvtCQEbtT,Anonymous in Los Feliz,Pick-Up Full Of Pink Carnations,The Vaccines,2024-01-12,186467,31,mmr4r23xnc6oh1c77lysfbqg4,2025-01-29T00:53:10Z,N/A,N/A,,,,,,,,,,,,
7tEBkfh5pbsLMSnXYSueQ3,2YQRKHVFmAZOWejvWDzGQI,Detritus Andronicus,The Joy of Sects,Chemtrails,2024-01-19,276704,6,mmr4r23xnc6oh1c77lysfbqg4,2025-01-29T00:53:10Z,N/A,N/A,,,,,,,,,,,,
7tEBkfh5pbsLMSnXYSueQ3,3nNNyuUrL9TiOwILop7ZHf,Bang Bang,The Joy of Sects,Chemtrails,2024-01-19,235981,6,mmr4r23xnc6oh1c77lysfbqg4,2025-01-29T00:53:10Z,N/A,N/A,,,,,,,,,,,,
7tEBkfh5pbsLMSnXYSueQ3,2m7xivYHM9kmIaYvGCEpc3,Business Class War Paint,The Joy of Sects,Chemtrails,2024-01-19,295950,4,mmr4r23xnc6oh1c77lysfbqg4,2025-01-29T00:53:10Z,N/A,N/A,,,,,,,,,,,,
7tEBkfh5pbsLMSnXYSueQ3,3yIp9e9pd565u7f6d4p5Zf,Sycophant's Paradise,The Joy of Sects,Chemtrails,2024-01-19,290588,5,mmr4r23xnc6oh1c77lysfbqg4,2025-01-29T00:53:10Z,N/A,N/A,,,,,,,,,,,,
7tEBkfh5pbsLMSnXYSueQ3,2B4ARwSj43wDebsFsSHkI4,Mushroom Cloud Nine,The Joy of Sects,Chemtrails,2024-01-19,203210,2,mmr4r23xnc6oh1c77lysfbqg4,2025-01-29T00:53:10Z,N/A,N/A,,,,,,,,,,,,
7tEBkfh5pbsLMSnXYSueQ3,3HXESOHmMWDCe3hCP8UcpF,Join Our Death Cult,The Joy of Sects,Chemtrails,2024-01-19,197910,7,mmr4r23xnc6oh1c77lysfbqg4,2025-01-29T00:53:10Z,N/A,N/A,,,,,,,,,,,,
7tEBkfh5pbsLMSnXYSueQ3,2jTBUPfMaHqYYaFkphRacw,Pink Whale,The Joy of Sects,Chemtrails,2024-01-19,183016,2,mmr4r23xnc6oh1c77lysfbqg4,2025-01-29T00:53:10Z,N/A,N/A,,,,,,,,,,,,
7tEBkfh5pbsLMSnXYSueQ3,3V9yEztpVfStVnAs0CU8kF,Superhuman Superhighway,The Joy of Sects,Chemtrails,2024-01-19,333920,5,mmr4r23xnc6oh1c77lysfbqg4,2025-01-29T00:53:10Z,N/A,N/A,,,,,,,,,,,,
7tEBkfh5pbsLMSnXYSueQ3,4NimsFFMA5Nvu1tjR9jAIR,Apocalypstick,The Joy of Sects,Chemtrails,2024-01-19,168969,3,mmr4r23xnc6oh1c77lysfbqg4,2025-01-29T00:53:10Z,N/A,N/A,,,,,,,,,,,,
7tEBkfh5pbsLMSnXYSueQ3,0XIhGBQHda5eDpilETpGS1,(Post-Apocalypstick),The Joy of Sects,Chemtrails,2024-01-19,181640,2,mmr4r23xnc6oh1c77lysfbqg4,2025-01-29T00:53:10Z,N/A,N/A,,,,,,,,,,,,
7tEBkfh5pbsLMSnXYSueQ3,2VQKjQIrDmCwiyVGgAVkRb,Endless Stream of the Bizarre,The Joy of Sects,Chemtrails,2024-01-19,183000,1,mmr4r23xnc6oh1c77lysfbqg4,2025-01-29T00:53:10Z,N/A,N/A,,,,,,,,,,,,
7tEBkfh5pbsLMSnXYSueQ3,6BzJigGu37BKBElI9soPpJ,Critterland,Critterland,Willi Carlisle,2024-01-26,249383,31,mmr4r23xnc6oh1c77lysfbqg4,2025-01-29T00:53:10Z,N/A,N/A,,,,,,,,,,,,
7tEBkfh5pbsLMSnXYSueQ3,7lMudUudvvRFyP2MwAW1kv,Dry County Dust,Critterland,Willi Carlisle,2024-01-26,267772,25,mmr4r23xnc6oh1c77lysfbqg4,2025-01-29T00:53:10Z,N/A,N/A,,,,,,,,,,,,
7tEBkfh5pbsLMSnXYSueQ3,2oTuPRgTbr5wIve1HLaLeS,The Arrangements,Critterland,Willi Carlisle,2024-01-26,271882,21,mmr4r23xnc6oh1c77lysfbqg4,2025-01-29T00:53:10Z,N/A,N/A,,,,,,,,,,,,
7tEBkfh5pbsLMSnXYSueQ3,23keOc035VNBu97Age2yJb,The Great Depression,Critterland,Willi Carlisle,2024-01-26,201515,23,mmr4r23xnc6oh1c77lysfbqg4,2025-01-29T00:53:10Z,N/A,N/A,,,,,,,,,,,,
7tEBkfh5pbsLMSnXYSueQ3,5avjNDdhieiJVk1tYjQaRe,Two-Headed Lamb,Critterland,Willi Carlisle,2024-01-26,219010,20,mmr4r23xnc6oh1c77lysfbqg4,2025-01-29T00:53:10Z,N/A,N/A,,,,,,,,,,,,
7tEBkfh5pbsLMSnXYSueQ3,4cNUqIk2Hgtgk2tPsq6Vas,Higher Lonesome,Critterland,Willi Carlisle,2024-01-26,265256,30,mmr4r23xnc6oh1c77lysfbqg4,2025-01-29T00:53:10Z,N/A,N/A,,,,,,,,,,,,
7tEBkfh5pbsLMSnXYSueQ3,2VRRIWJz78YTHFlBMqrTxi,I Want No Children,Critterland,Willi Carlisle,2024-01-26,160715,22,mmr4r23xnc6oh1c77lysfbqg4,2025-01-29T00:53:10Z,N/A,N/A,,,,,,,,,,,,
7tEBkfh5pbsLMSnXYSueQ3,42gvftYbB8lU8B6pP7Hp6k,Jaybird,Critterland,Willi Carlisle,2024-01-26,233091,24,mmr4r23xnc6oh1c77lysfbqg4,2025-01-29T00:53:10Z,N/A,N/A,,,,,,,,,,,,
7tEBkfh5pbsLMSnXYSueQ3,4ANvnKsGe9Qj1PbV0N8Yl8,When the Pills Wear Off,Critterland,Willi Carlisle,2024-01-26,250089,21,mmr4r23xnc6oh1c77lysfbqg4,2025-01-29T00:53:10Z,N/A,N/A,,,,,,,,,,,,
7tEBkfh5pbsLMSnXYSueQ3,4ts1UfMyHzs8f0R670uNqT,The Money Grows on Trees,Critterland,Willi Carlisle,2024-01-26,431705,18,mmr4r23xnc6oh1c77lysfbqg4,2025-01-29T00:53:10Z,N/A,N/A,,,,,,,,,,,,
7tEBkfh5pbsLMSnXYSueQ3,5P2xjOkykDrAHcLxCLyBDi,Redemption Arc,Blue Raspberry,Katy Kirby,2024-01-26,201675,17,mmr4r23xnc6oh1c77lysfbqg4,2025-01-29T00:53:10Z,N/A,N/A,,,,,,,,,,,,
7tEBkfh5pbsLMSnXYSueQ3,50o6T5U7mZ1T2fIVI7yXet,Fences,Blue Raspberry,Katy Kirby,2024-01-26,100886,19,mmr4r23xnc6oh1c77lysfbqg4,2025-01-29T00:53:10Z,N/A,N/A,,,,,,,,,,,,
7tEBkfh5pbsLMSnXYSueQ3,7GPGtHN5xQluXSvPX0arLn,Cubic Zirconia,Blue Raspberry,Katy Kirby,2024-01-26,244218,23,mmr4r23xnc6oh1c77lysfbqg4,2025-01-29T00:53:10Z,N/A,N/A,,,,,,,,,,,,
7tEBkfh5pbsLMSnXYSueQ3,7i4onkA2fRuV0viFNWINID,Hand to Hand,Blue Raspberry,Katy Kirby,2024-01-26,226836,27,mmr4r23xnc6oh1c77lysfbqg4,2025-01-29T00:53:10Z,N/A,N/A,,,,,,,,,,,,
7tEBkfh5pbsLMSnXYSueQ3,4J6auml0WFugnzTWuEEgdW,Wait Listen,Blue Raspberry,Katy Kirby,2024-01-26,273136,17,mmr4r23xnc6oh1c77lysfbqg4,2025-01-29T00:53:10Z,N/A,N/A,,,,,,,,,,,,
7tEBkfh5pbsLMSnXYSueQ3,4WNetbhwSqOmlmEX6ym824,Drop Dead,Blue Raspberry,Katy Kirby,2024-01-26,199045,19,mmr4r23xnc6oh1c77lysfbqg4,2025-01-29T00:53:10Z,N/A,N/A,,,,,,,,,,,,
7tEBkfh5pbsLMSnXYSueQ3,2IAEIzMfn4mZoDzkvtSz1G,Party of the Century,Blue Raspberry,Katy Kirby,2024-01-26,160741,20,mmr4r23xnc6oh1c77lysfbqg4,2025-01-29T00:53:10Z,N/A,N/A,,,,,,,,,,,,
7tEBkfh5pbsLMSnXYSueQ3,25mc8V78QmIA8AtIp5nv7N,Alexandria,Blue Raspberry,Katy Kirby,2024-01-26,288087,14,mmr4r23xnc6oh1c77lysfbqg4,2025-01-29T00:53:10Z,N/A,N/A,,,,,,,,,,,,
7tEBkfh5pbsLMSnXYSueQ3,59QpqS1o9TBJXctbeO4miy,Salt Crystal,Blue Raspberry,Katy Kirby,2024-01-26,201468,13,mmr4r23xnc6oh1c77lysfbqg4,2025-01-29T00:53:10Z,N/A,N/A,,,,,,,,,,,,
7tEBkfh5pbsLMSnXYSueQ3,3TWanthaz4xHrwZndyyucW,Blue Raspberry,Blue Raspberry,Katy Kirby,2024-01-26,281324,17,mmr4r23xnc6oh1c77lysfbqg4,2025-01-29T00:53:10Z,N/A,N/A,,,,,,,,,,,,
7tEBkfh5pbsLMSnXYSueQ3,7aKdclkqwFSdQvv7pYg9Qk,Table,Blue Raspberry,Katy Kirby,2024-01-26,120867,21,mmr4r23xnc6oh1c77lysfbqg4,2025-01-29T00:53:10Z,N/A,N/A,,,,,,,,,,,,
7tEBkfh5pbsLMSnXYSueQ3,37EnwJXWJh480JqPHpTBfl,Neon Trees,Lola,Goth Babe,2024-01-26,103034,31,mmr4r23xnc6oh1c77lysfbqg4,2025-01-29T00:53:10Z,N/A,N/A,,,,,,,,,,,,
7tEBkfh5pbsLMSnXYSueQ3,27NPOgyYpnRjfVRWgNRTG9,Crocodile,Lola,Goth Babe,2024-01-26,225625,59,mmr4r23xnc6oh1c77lysfbqg4,2025-01-29T00:53:10Z,N/A,N/A,,,,,,,,,,,,
7tEBkfh5pbsLMSnXYSueQ3,5yioG7z2EDTHR5aBN1WS7K,Sadie,Lola,Goth Babe,2024-01-26,223587,47,mmr4r23xnc6oh1c77lysfbqg4,2025-01-29T00:53:10Z,N/A,N/A,,,,,,,,,,,,
7tEBkfh5pbsLMSnXYSueQ3,1LPqmA87TDmb8e7HFqp8iC,Backwards,Lola,"Goth Babe, WATTS",2024-01-26,272625,32,mmr4r23xnc6oh1c77lysfbqg4,2025-01-29T00:53:10Z,N/A,N/A,,,,,,,,,,,,
7tEBkfh5pbsLMSnXYSueQ3,6Q9TxB957pHIyjuNMTBC6t,Sun Comes Up,Lola,Goth Babe,2024-01-26,247283,39,mmr4r23xnc6oh1c77lysfbqg4,2025-01-29T00:53:10Z,N/A,N/A,,,,,,,,,,,,
7tEBkfh5pbsLMSnXYSueQ3,0j7Z1Xq4fycxrUlVgeSNBI,Orcas,Lola,Goth Babe,2024-01-26,103275,29,mmr4r23xnc6oh1c77lysfbqg4,2025-01-29T00:53:10Z,N/A,N/A,,,,,,,,,,,,
7tEBkfh5pbsLMSnXYSueQ3,3sV9oDsLr5L8LT4uQ2IL8i,Insides,Lola,Goth Babe,2024-01-26,261363,33,mmr4r23xnc6oh1c77lysfbqg4,2025-01-29T00:53:10Z,N/A,N/A,,,,,,,,,,,,
7tEBkfh5pbsLMSnXYSueQ3,49NvK14fA73WMvpVHAhGIU,Bioluminescence,Lola,Goth Babe,2024-01-26,309389,38,mmr4r23xnc6oh1c77lysfbqg4,2025-01-29T00:53:10Z,N/A,N/A,,,,,,,,,,,,
7tEBkfh5pbsLMSnXYSueQ3,5FMDQjUoev0iblHGsWuANB,Spinnaker Days,Lola,Goth Babe,2024-01-26,220062,37,mmr4r23xnc6oh1c77lysfbqg4,2025-01-29T00:53:10Z,N/A,N/A,,,,,,,,,,,,
7tEBkfh5pbsLMSnXYSueQ3,0TgITtGguJD0PYKuXQqeYF,Alone in the Mountains,Lola,Goth Babe,2024-01-26,196804,49,mmr4r23xnc6oh1c77lysfbqg4,2025-01-29T00:53:10Z,N/A,N/A,,,,,,,,,,,,
7tEBkfh5pbsLMSnXYSueQ3,68ndwUJ48bJvbkI4n3K5gZ,Baja,Lola,Goth Babe,2024-01-26,302834,33,mmr4r23xnc6oh1c77lysfbqg4,2025-01-29T00:53:10Z,N/A,N/A,,,,,,,,,,,,
7tEBkfh5pbsLMSnXYSueQ3,6U2XV4OJpeV3gomv2sEIdi,Before,Going Through It,Eliza McLamb,2024-01-19,251338,26,mmr4r23xnc6oh1c77lysfbqg4,2025-01-29T00:53:10Z,N/A,N/A,,,,,,,,,,,,
7tEBkfh5pbsLMSnXYSueQ3,25kEu7zdxVq3WUIwOF7QNn,Glitter,Going Through It,Eliza McLamb,2024-01-19,186122,30,mmr4r23xnc6oh1c77lysfbqg4,2025-01-29T00:53:10Z,N/A,N/A,,,,,,,,,,,,
7tEBkfh5pbsLMSnXYSueQ3,57BmqcNsoF0VJBXaBFA6Rd,Mythologize Me,Going Through It,Eliza McLamb,2024-01-19,173344,39,mmr4r23xnc6oh1c77lysfbqg4,2025-01-29T00:53:10Z,N/A,N/A,,,,,,,,,,,,
7tEBkfh5pbsLMSnXYSueQ3,24Yzyqft2CXoVK9JORkZBr,Punch Drunk,Going Through It,Eliza McLamb,2024-01-19,196362,29,mmr4r23xnc6oh1c77lysfbqg4,2025-01-29T00:53:10Z,N/A,N/A,,,,,,,,,,,,
7tEBkfh5pbsLMSnXYSueQ3,15wf3ELOcW3snRruvMIt75,Crybaby,Going Through It,Eliza McLamb,2024-01-19,280778,24,mmr4r23xnc6oh1c77lysfbqg4,2025-01-29T00:53:10Z,N/A,N/A,,,,,,,,,,,,
7tEBkfh5pbsLMSnXYSueQ3,3yQMdvbmcecVSQfn9wcKs5,16,Going Through It,Eliza McLamb,2024-01-19,204785,24,mmr4r23xnc6oh1c77lysfbqg4,2025-01-29T00:53:10Z,N/A,N/A,,,,,,,,,,,,
7tEBkfh5pbsLMSnXYSueQ3,06HRrgOk9apubVYObz29xf,Just Like Mine,Going Through It,Eliza McLamb,2024-01-19,258946,24,mmr4r23xnc6oh1c77lysfbqg4,2025-01-29T00:53:10Z,N/A,N/A,,,,,,,,,,,,
7tEBkfh5pbsLMSnXYSueQ3,1pZLaecOlfEbMchzPsIr4P,Bird,Going Through It,Eliza McLamb,2024-01-19,154752,20,mmr4r23xnc6oh1c77lysfbqg4,2025-01-29T00:53:10Z,N/A,N/A,,,,,,,,,,,,
7tEBkfh5pbsLMSnXYSueQ3,45QiAGz9p9unQS4wlpsF2l,Anything You Want,Going Through It,Eliza McLamb,2024-01-19,213370,30,mmr4r23xnc6oh1c77lysfbqg4,2025-01-29T00:53:10Z,N/A,N/A,,,,,,,,,,,,
7tEBkfh5pbsLMSnXYSueQ3,033ZaceOzIAFXh6U7YdNqu,Modern Woman,Going Through It,Eliza McLamb,2024-01-19,249627,27,mmr4r23xnc6oh1c77lysfbqg4,2025-01-29T00:53:10Z,N/A,N/A,,,,,,,,,,,,
7tEBkfh5pbsLMSnXYSueQ3,4yBPZQAFdhzSgTp0ITpe9a,Strike,Going Through It,Eliza McLamb,2024-01-19,260351,25,mmr4r23xnc6oh1c77lysfbqg4,2025-01-29T00:53:10Z,N/A,N/A,,,,,,,,,,,,
7tEBkfh5pbsLMSnXYSueQ3,5nPTg6vANCpKj4mVmpnROO,To Wake Up,Going Through It,Eliza McLamb,2024-01-19,271402,22,mmr4r23xnc6oh1c77lysfbqg4,2025-01-29T00:53:10Z,N/A,N/A,,,,,,,,,,,,
7tEBkfh5pbsLMSnXYSueQ3,0wgK70WRbb00WoWaiGzAMR,The Fringe,It's Sorted,Cheekface,2024-01-22,156733,27,mmr4r23xnc6oh1c77lysfbqg4,2025-01-29T00:53:10Z,N/A,N/A,,,,,,,,,,,,
4sRLZd7rlGNaFYW1EbHHeI,56D5iLqv8WVcQTvyL0N0ay,Live Forever,Sharon Van Etten & The Attachment Theory,Sharon Van Etten,2025-02-07,339867,0,mmr4r23xnc6oh1c77lysfbqg4,2025-02-07T11:39:45Z,N/A,N/A,,,,,,,,,,,,
4sRLZd7rlGNaFYW1EbHHeI,1DO4aHyMKVW66VWnA4pNeV,Afterlife,Sharon Van Etten & The Attachment Theory,Sharon Van Etten,2025-02-07,248215,0,mmr4r23xnc6oh1c77lysfbqg4,2025-02-07T11:39:45Z,N/A,N/A,,,,,,,,,,,,
4sRLZd7rlGNaFYW1EbHHeI,33Wi8Etr6ljOsBViBOKWQ5,Idiot Box,Sharon Van Etten & The Attachment Theory,Sharon Van Etten,2025-02-07,250409,0,mmr4r23xnc6oh1c77lysfbqg4,2025-02-07T11:39:45Z,N/A,N/A,,,,,,,,,,,,
4sRLZd7rlGNaFYW1EbHHeI,56nsBD9bmnuW7V5wHlyVCx,Trouble,Sharon Van Etten & The Attachment Theory,Sharon Van Etten,2025-02-07,300045,0,mmr4r23xnc6oh1c77lysfbqg4,2025-02-07T11:39:45Z,N/A,N/A,,,,,,,,,,,,
4sRLZd7rlGNaFYW1EbHHeI,1aUzvglR5E3Jgi0DdyD7nF,Indio,Sharon Van Etten & The Attachment Theory,Sharon Van Etten,2025-02-07,167383,0,mmr4r23xnc6oh1c77lysfbqg4,2025-02-07T11:39:45Z,N/A,N/A,,,,,,,,,,,,
4sRLZd7rlGNaFYW1EbHHeI,7vReZ7BfPWdIvZjHlFdJw5,I Can’t Imagine (Why You Feel This Way),Sharon Van Etten & The Attachment Theory,Sharon Van Etten,2025-02-07,186792,0,mmr4r23xnc6oh1c77lysfbqg4,2025-02-07T11:39:45Z,N/A,N/A,,,,,,,,,,,,
4sRLZd7rlGNaFYW1EbHHeI,20KpKS4GCAGUfVzbGimjkq,Somethin’ Ain’t Right,Sharon Van Etten & The Attachment Theory,Sharon Van Etten,2025-02-07,264960,0,mmr4r23xnc6oh1c77lysfbqg4,2025-02-07T11:39:45Z,N/A,N/A,,,,,,,,,,,,
4sRLZd7rlGNaFYW1EbHHeI,0V3PZ8xVWvFDK5AZREC57e,Southern Life (What It Must Be Like),Sharon Van Etten & The Attachment Theory,Sharon Van Etten,2025-02-07,228350,0,mmr4r23xnc6oh1c77lysfbqg4,2025-02-07T11:39:45Z,N/A,N/A,,,,,,,,,,,,
4sRLZd7rlGNaFYW1EbHHeI,2catbm1eu320vXYq1L5u19,Fading Beauty,Sharon Van Etten & The Attachment Theory,Sharon Van Etten,2025-02-07,374381,0,mmr4r23xnc6oh1c77lysfbqg4,2025-02-07T11:39:45Z,N/A,N/A,,,,,,,,,,,,
4sRLZd7rlGNaFYW1EbHHeI,4bPMv6B3PmiFMQSjbTTIFc,I Want You Here,Sharon Van Etten & The Attachment Theory,Sharon Van Etten,2025-02-07,389812,0,mmr4r23xnc6oh1c77lysfbqg4,2025-02-07T11:39:45Z,N/A,N/A,,,,,,,,,,,,
4sRLZd7rlGNaFYW1EbHHeI,6gLaRcJnA7FqyEYpYJ4uPI,Crispy Skin,Cowards,Squid,2025-02-07,379400,0,mmr4r23xnc6oh1c77lysfbqg4,2025-02-07T11:39:56Z,N/A,N/A,,,,,,,,,,,,
4sRLZd7rlGNaFYW1EbHHeI,6JrtUQ97SQqVoMW5bWFd7I,Building 650,Cowards,Squid,2025-02-07,231677,0,mmr4r23xnc6oh1c77lysfbqg4,2025-02-07T11:39:56Z,N/A,N/A,,,,,,,,,,,,
4sRLZd7rlGNaFYW1EbHHeI,6vM4E6mvhdKC5e4lR2tm40,Blood on the Boulders,Cowards,Squid,2025-02-07,346638,0,mmr4r23xnc6oh1c77lysfbqg4,2025-02-07T11:39:56Z,N/A,N/A,,,,,,,,,,,,
4sRLZd7rlGNaFYW1EbHHeI,0g7NffHp2wWYQWGCzmHArX,Fieldworks I,Cowards,Squid,2025-02-07,143458,0,mmr4r23xnc6oh1c77lysfbqg4,2025-02-07T11:39:56Z,N/A,N/A,,,,,,,,,,,,
4sRLZd7rlGNaFYW1EbHHeI,39I8aVq83joO79fFwA9EzZ,Fieldworks II,Cowards,Squid,2025-02-07,199671,0,mmr4r23xnc6oh1c77lysfbqg4,2025-02-07T11:39:56Z,N/A,N/A,,,,,,,,,,,,
4sRLZd7rlGNaFYW1EbHHeI,4hUuxvpzrWWpucSFrXHTwN,Cro-Magnon Man,Cowards,Squid,2025-02-07,247971,0,mmr4r23xnc6oh1c77lysfbqg4,2025-02-07T11:39:56Z,N/A,N/A,,,,,,,,,,,,
4sRLZd7rlGNaFYW1EbHHeI,3ObrAaAB9UxYmWh8CInHmT,Cowards,Cowards,Squid,2025-02-07,351955,0,mmr4r23xnc6oh1c77lysfbqg4,2025-02-07T11:39:56Z,N/A,N/A,,,,,,,,,,,,
4sRLZd7rlGNaFYW1EbHHeI,3Aod2TYgrJGmtrk3XTXhUP,Showtime!,Cowards,Squid,2025-02-07,308207,0,mmr4r23xnc6oh1c77lysfbqg4,2025-02-07T11:39:56Z,N/A,N/A,,,,,,,,,,,,
4sRLZd7rlGNaFYW1EbHHeI,69U86L2ylbZMgdLtwrRoI8,Well Met (Fingers Through The Fence),Cowards,Squid,2025-02-07,495899,0,mmr4r23xnc6oh1c77lysfbqg4,2025-02-07T11:39:56Z,N/A,N/A,,,,,,,,,,,,
4sRLZd7rlGNaFYW1EbHHeI,3dp6h4a3S9LWmrOzCIQc3T,Lost At Last,Measure Of Joy,Adrian Crowley,2025-02-07,218266,0,mmr4r23xnc6oh1c77lysfbqg4,2025-02-07T11:42:00Z,N/A,N/A,,,,,,,,,,,,
4sRLZd7rlGNaFYW1EbHHeI,7m24AgloJzGCG4GRgDuf2i,Measure Of Joy,Measure Of Joy,Adrian Crowley,2025-02-07,210226,0,mmr4r23xnc6oh1c77lysfbqg4,2025-02-07T11:42:00Z,N/A,N/A,,,,,,,,,,,,
4sRLZd7rlGNaFYW1EbHHeI,2zuaWg7xLtG2Qyk6qhqHTh,Tangled,Measure Of Joy,Adrian Crowley,2025-02-07,193786,0,mmr4r23xnc6oh1c77lysfbqg4,2025-02-07T11:42:00Z,N/A,N/A,,,,,,,,,,,,
4sRLZd7rlGNaFYW1EbHHeI,6igvHsOR6o4xbm6oycaHi8,Swimming In The Quarry,Measure Of Joy,Adrian Crowley,2025-02-07,418253,0,mmr4r23xnc6oh1c77lysfbqg4,2025-02-07T11:42:00Z,N/A,N/A,,,,,,,,,,,,
4sRLZd7rlGNaFYW1EbHHeI,3FNPybfj3Drt8ZrikHVQ08,Genevieve Of The Mountain,Measure Of Joy,Adrian Crowley,2025-02-07,214933,0,mmr4r23xnc6oh1c77lysfbqg4,2025-02-07T11:42:00Z,N/A,N/A,,,,,,,,,,,,
4sRLZd7rlGNaFYW1EbHHeI,6FCZnsIdvLXwJLuTXvlF8b,Drunk On Promises,Measure Of Joy,Adrian Crowley,2025-02-07,102493,0,mmr4r23xnc6oh1c77lysfbqg4,2025-02-07T11:42:00Z,N/A,N/A,,,,,,,,,,,,
4sRLZd7rlGNaFYW1EbHHeI,1HDFTgZjufxlPxxwdSorJV,Deep Dark Blue,Measure Of Joy,Adrian Crowley,2025-02-07,195626,0,mmr4r23xnc6oh1c77lysfbqg4,2025-02-07T11:42:00Z,N/A,N/A,,,,,,,,,,,,
4sRLZd7rlGNaFYW1EbHHeI,7KkwaYVsYKvyBxVkuRKXG5,The Trembling Cup,Measure Of Joy,Adrian Crowley,2025-02-07,250652,0,mmr4r23xnc6oh1c77lysfbqg4,2025-02-07T11:42:00Z,N/A,N/A,,,,,,,,,,,,
4sRLZd7rlGNaFYW1EbHHeI,3kl0X3IPBJk6hlhd4d0n0d,Brother Was A Runaway,Measure Of Joy,Adrian Crowley,2025-02-07,239800,0,mmr4r23xnc6oh1c77lysfbqg4,2025-02-07T11:42:00Z,N/A,N/A,,,,,,,,,,,,
4sRLZd7rlGNaFYW1EbHHeI,4XRpohGYrpIZP8ntdTOvAT,Transmission Lost,Measure Of Joy,Adrian Crowley,2025-02-07,343520,0,mmr4r23xnc6oh1c77lysfbqg4,2025-02-07T11:42:00Z,N/A,N/A,,,,,,,,,,,,
4sRLZd7rlGNaFYW1EbHHeI,7FmDdVSpI31Z1fhBjsgXmT,Cherry Blossom Soft Confetti,Measure Of Joy,Adrian Crowley,2025-02-07,235103,0,mmr4r23xnc6oh1c77lysfbqg4,2025-02-07T11:42:00Z,N/A,N/A,,,,,,,,,,,,
4sRLZd7rlGNaFYW1EbHHeI,30Z32UNHxbFewws3fsJ6lD,Planed,Solas,Adwaith,2025-02-07,220002,0,mmr4r23xnc6oh1c77lysfbqg4,2025-02-07T11:42:28Z,N/A,N/A,,,,,,,,,,,,
4sRLZd7rlGNaFYW1EbHHeI,2uNhTNmB2j4Zj6uuCozFtg,MWY,Solas,Adwaith,2025-02-07,191244,0,mmr4r23xnc6oh1c77lysfbqg4,2025-02-07T11:42:28Z,N/A,N/A,,,,,,,,,,,,
4sRLZd7rlGNaFYW1EbHHeI,5yoxumzMlEQ7HGIoXsSwpq,Tristwch,Solas,Adwaith,2025-02-07,280353,0,mmr4r23xnc6oh1c77lysfbqg4,2025-02-07T11:42:28Z,N/A,N/A,,,,,,,,,,,,
4sRLZd7rlGNaFYW1EbHHeI,7fRikpU8CqlDAIPsnmHmse,Gofyn,Solas,Adwaith,2025-02-07,157324,0,mmr4r23xnc6oh1c77lysfbqg4,2025-02-07T11:42:28Z,N/A,N/A,,,,,,,,,,,,
4sRLZd7rlGNaFYW1EbHHeI,12X8V9WWOkmlCgUpwsLRGU,Solas,Solas,Adwaith,2025-02-07,261617,0,mmr4r23xnc6oh1c77lysfbqg4,2025-02-07T11:42:28Z,N/A,N/A,,,,,,,,,,,,
4sRLZd7rlGNaFYW1EbHHeI,1s5fG0isq6Cvvho7b257ay,Teimlo,Solas,Adwaith,2025-02-07,185702,0,mmr4r23xnc6oh1c77lysfbqg4,2025-02-07T11:42:28Z,N/A,N/A,,,,,,,,,,,,
4sRLZd7rlGNaFYW1EbHHeI,02v6c9X3TjmB5DG4pe9qym,Pelydr-X,Solas,Adwaith,2025-02-07,157389,0,mmr4r23xnc6oh1c77lysfbqg4,2025-02-07T11:42:28Z,N/A,N/A,,,,,,,,,,,,
4sRLZd7rlGNaFYW1EbHHeI,45z2pMMn8BeJCRWI0nWnpF,Wyt Ti Ar Y Lein,Solas,Adwaith,2025-02-07,175198,0,mmr4r23xnc6oh1c77lysfbqg4,2025-02-07T11:42:28Z,N/A,N/A,,,,,,,,,,,,
4sRLZd7rlGNaFYW1EbHHeI,4J7wM8WKmYU1SNZT9x8HCj,Ti,Solas,Adwaith,2025-02-07,129937,0,mmr4r23xnc6oh1c77lysfbqg4,2025-02-07T11:42:28Z,N/A,N/A,,,,,,,,,,,,
4sRLZd7rlGNaFYW1EbHHeI,0Rk8EfiFX6PHaq9bcPJSLU,Heddiw / Yfory,Solas,Adwaith,2025-02-07,201481,0,mmr4r23xnc6oh1c77lysfbqg4,2025-02-07T11:42:28Z,N/A,N/A,,,,,,,,,,,,
4sRLZd7rlGNaFYW1EbHHeI,30DpyY4khFsd9sBb3X1Ynu,Y Diwedd,Solas,Adwaith,2025-02-07,217789,0,mmr4r23xnc6oh1c77lysfbqg4,2025-02-07T11:42:28Z,N/A,N/A,,,,,,,,,,,,
4sRLZd7rlGNaFYW1EbHHeI,57Vc1H4ezFpqDdtR5Kq8ii,Coeden Anniben,Solas,Adwaith,2025-02-07,173330,0,mmr4r23xnc6oh1c77lysfbqg4,2025-02-07T11:42:28Z,N/A,N/A,,,,,,,,,,,,
4sRLZd7rlGNaFYW1EbHHeI,3XB6FX7aVqfSRsCWjClmvx,Paid Aros,Solas,Adwaith,2025-02-07,213042,0,mmr4r23xnc6oh1c77lysfbqg4,2025-02-07T11:42:28Z,N/A,N/A,,,,,,,,,,,,
4sRLZd7rlGNaFYW1EbHHeI,11w6k9jxcquT3QYkpJW4h9,Gorllewin Pell,Solas,Adwaith,2025-02-07,243576,0,mmr4r23xnc6oh1c77lysfbqg4,2025-02-07T11:42:28Z,N/A,N/A,,,,,,,,,,,,
4sRLZd7rlGNaFYW1EbHHeI,2b7vtGUWpFWALsj0vs4WY6,Sain,Solas,Adwaith,2025-02-07,204355,0,mmr4r23xnc6oh1c77lysfbqg4,2025-02-07T11:42:28Z,N/A,N/A,,,,,,,,,,,,
4sRLZd7rlGNaFYW1EbHHeI,7wPXPbiZx2qsxghDzjIFpG,Ni,Solas,Adwaith,2025-02-07,228303,0,mmr4r23xnc6oh1c77lysfbqg4,2025-02-07T11:42:28Z,N/A,N/A,,,,,,,,,,,,
4sRLZd7rlGNaFYW1EbHHeI,2mYTKmAf9kyHJTqTG6Czk2,Taliaris,Solas,Adwaith,2025-02-07,38559,0,mmr4r23xnc6oh1c77lysfbqg4,2025-02-07T11:42:28Z,N/A,N/A,,,,,,,,,,,,
4sRLZd7rlGNaFYW1EbHHeI,0KgSVoHwUlz39RKAHvyHPq,Purdan,Solas,Adwaith,2025-02-07,234047,0,mmr4r23xnc6oh1c77lysfbqg4,2025-02-07T11:42:28Z,N/A,N/A,,,,,,,,,,,,
4sRLZd7rlGNaFYW1EbHHeI,3Q2NhK9VVZTqu9W4uf19eB,Y Ddawns,Solas,Adwaith,2025-02-07,206044,0,mmr4r23xnc6oh1c77lysfbqg4,2025-02-07T11:42:28Z,N/A,N/A,,,,,,,,,,,,
4sRLZd7rlGNaFYW1EbHHeI,6rLLDmWTHrVq0mJNbD9wAj,Sanas,Solas,Adwaith,2025-02-07,140418,0,mmr4r23xnc6oh1c77lysfbqg4,2025-02-07T11:42:28Z,N/A,N/A,,,,,,,,,,,,
4sRLZd7rlGNaFYW1EbHHeI,3l4VRd1hwe02NZ6XFsjI4C,Miliwn,Solas,Adwaith,2025-02-07,231222,0,mmr4r23xnc6oh1c77lysfbqg4,2025-02-07T11:42:28Z,N/A,N/A,,,,,,,,,,,,
4sRLZd7rlGNaFYW1EbHHeI,27ruPsPSeljq8QeLctbS92,Addo,Solas,Adwaith,2025-02-07,189026,0,mmr4r23xnc6oh1c77lysfbqg4,2025-02-07T11:42:28Z,N/A,N/A,,,,,,,,,,,,
4sRLZd7rlGNaFYW1EbHHeI,3DoXL3z4LrWH3hsDquu0F0,Deffro,Solas,Adwaith,2025-02-07,256986,0,mmr4r23xnc6oh1c77lysfbqg4,2025-02-07T11:42:28Z,N/A,N/A,,,,,,,,,,,,
4sRLZd7rlGNaFYW1EbHHeI,51eOpp7zu8zHrFr3VtruSB,Tiny Screens,Love Me Please,Chloe Slater,2025-02-04,178015,25,mmr4r23xnc6oh1c77lysfbqg4,2025-02-07T11:44:06Z,N/A,N/A,,,,,,,,,,,,
4sRLZd7rlGNaFYW1EbHHeI,7KoEgsFYq8mk37AiPqQZKP,Sucker,Love Me Please,Chloe Slater,2025-02-04,158667,27,mmr4r23xnc6oh1c77lysfbqg4,2025-02-07T11:44:06Z,N/A,N/A,,,,,,,,,,,,
4sRLZd7rlGNaFYW1EbHHeI,452obEH2aW3OPLHsTJLe3o,Fig Tree,Love Me Please,Chloe Slater,2025-02-04,221394,25,mmr4r23xnc6oh1c77lysfbqg4,2025-02-07T11:44:06Z,N/A,N/A,,,,,,,,,,,,
4sRLZd7rlGNaFYW1EbHHeI,4LKA5BqQRPYG7B9jfpz0WH,We're Not The Same,Love Me Please,Chloe Slater,2025-02-04,160405,25,mmr4r23xnc6oh1c77lysfbqg4,2025-02-07T11:44:06Z,N/A,N/A,,,,,,,,,,,,
4sRLZd7rlGNaFYW1EbHHeI,1OYOObc7WZnhkhvNgfrB2M,Imposter,Love Me Please,Chloe Slater,2025-02-04,153152,24,mmr4r23xnc6oh1c77lysfbqg4,2025-02-07T11:44:06Z,N/A,N/A,,,,,,,,,,,,
4sRLZd7rlGNaFYW1EbHHeI,7oPIQOlPV8HFbnZfvl2gLw,Driving Time,Universe Room,Guided By Voices,2025-02-07,125512,0,mmr4r23xnc6oh1c77lysfbqg4,2025-02-07T11:45:26Z,N/A,N/A,,,,,,,,,,,,
4sRLZd7rlGNaFYW1EbHHeI,1xk31Tw30pX4fGWeuh88hQ,I Couldn't See the Light,Universe Room,Guided By Voices,2025-02-07,175772,0,mmr4r23xnc6oh1c77lysfbqg4,2025-02-07T11:45:26Z,N/A,N/A,,,,,,,,,,,,
4sRLZd7rlGNaFYW1EbHHeI,6ce7PFjylX0Ef2bcQBkGYH,I Will Be a Monk,Universe Room,Guided By Voices,2025-02-07,90700,0,mmr4r23xnc6oh1c77lysfbqg4,2025-02-07T11:45:26Z,N/A,N/A,,,,,,,,,,,,
4sRLZd7rlGNaFYW1EbHHeI,1ILbVlcawUs8XbYvNAA86h,The Great Man,Universe Room,Guided By Voices,2025-02-07,124332,0,mmr4r23xnc6oh1c77lysfbqg4,2025-02-07T11:45:26Z,N/A,N/A,,,,,,,,,,,,
4sRLZd7rlGNaFYW1EbHHeI,1kDPBU8xzls3xG0ZBDV4NE,Clearly Aware,Universe Room,Guided By Voices,2025-02-07,156921,0,mmr4r23xnc6oh1c77lysfbqg4,2025-02-07T11:45:26Z,N/A,N/A,,,,,,,,,,,,
4sRLZd7rlGNaFYW1EbHHeI,1yXh75FmZzDIOZ1b9rGK17,Dawn Believes,Universe Room,Guided By Voices,2025-02-07,206915,0,mmr4r23xnc6oh1c77lysfbqg4,2025-02-07T11:45:26Z,N/A,N/A,,,,,,,,,,,,
4sRLZd7rlGNaFYW1EbHHeI,3b8bXxaB3ZX6S1gq8Jwpi8,Play Shadows,Universe Room,Guided By Voices,2025-02-07,120851,0,mmr4r23xnc6oh1c77lysfbqg4,2025-02-07T11:45:26Z,N/A,N/A,,,,,,,,,,,,
4sRLZd7rlGNaFYW1EbHHeI,1CoUTsooRGeUQf8K1BhgF2,Fly Religion,Universe Room,Guided By Voices,2025-02-07,145721,0,mmr4r23xnc6oh1c77lysfbqg4,2025-02-07T11:45:26Z,N/A,N/A,,,,,,,,,,,,
4sRLZd7rlGNaFYW1EbHHeI,4XG7iU5St8wIVGP8DnZccW,The Well Known Soldier,Universe Room,Guided By Voices,2025-02-07,71220,0,mmr4r23xnc6oh1c77lysfbqg4,2025-02-07T11:45:26Z,N/A,N/A,,,,,,,,,,,,
4sRLZd7rlGNaFYW1EbHHeI,3pFcfAw7r4NywPpLAtRR14,Hers Purple,Universe Room,Guided By Voices,2025-02-07,65177,0,mmr4r23xnc6oh1c77lysfbqg4,2025-02-07T11:45:26Z,N/A,N/A,,,,,,,,,,,,
4sRLZd7rlGNaFYW1EbHHeI,7FXo8zrO0VxeURrXtFSBN5,Independent Animal,Universe Room,Guided By Voices,2025-02-07,72980,0,mmr4r23xnc6oh1c77lysfbqg4,2025-02-07T11:45:26Z,N/A,N/A,,,,,,,,,,,,
4sRLZd7rlGNaFYW1EbHHeI,145qDzuKOeQ2AiABpO3Y42,19th Man To Fly An Airplane,Universe Room,Guided By Voices,2025-02-07,224277,0,mmr4r23xnc6oh1c77lysfbqg4,2025-02-07T11:45:26Z,N/A,N/A,,,,,,,,,,,,
4sRLZd7rlGNaFYW1EbHHeI,0kDqs5GaWOkfAHqBRGoqtL,Elfin Flower With Knees,Universe Room,Guided By Voices,2025-02-07,139164,0,mmr4r23xnc6oh1c77lysfbqg4,2025-02-07T11:45:26Z,N/A,N/A,,,,,,,,,,,,
4sRLZd7rlGNaFYW1EbHHeI,4Nv6G7dGtl0y9pTYchvZkO,FranCisco,Universe Room,Guided By Voices,2025-02-07,187571,0,mmr4r23xnc6oh1c77lysfbqg4,2025-02-07T11:45:26Z,N/A,N/A,,,,,,,,,,,,
4sRLZd7rlGNaFYW1EbHHeI,2zEcufKoQtggfXYBuJCq2F,Aluminum Stingray Girl,Universe Room,Guided By Voices,2025-02-07,139482,0,mmr4r23xnc6oh1c77lysfbqg4,2025-02-07T11:45:26Z,N/A,N/A,,,,,,,,,,,,
4sRLZd7rlGNaFYW1EbHHeI,2tm5koWfI6u02bMfTZWg9j,Aesop Dreamed of Lions,Universe Room,Guided By Voices,2025-02-07,187349,0,mmr4r23xnc6oh1c77lysfbqg4,2025-02-07T11:45:26Z,N/A,N/A,,,,,,,,,,,,
4sRLZd7rlGNaFYW1EbHHeI,5uA6vaJtPEv6vroz4awvex,Everybody's a Star,Universe Room,Guided By Voices,2025-02-07,143391,0,mmr4r23xnc6oh1c77lysfbqg4,2025-02-07T11:45:26Z,N/A,N/A,,,,,,,,,,,,
4sRLZd7rlGNaFYW1EbHHeI,7CZStSpG6D7SvAUqgdXmah,Afterworld,Deep Below,Rats On Rafts,2025-02-07,179808,0,mmr4r23xnc6oh1c77lysfbqg4,2025-02-07T11:46:10Z,N/A,N/A,,,,,,,,,,,,
4sRLZd7rlGNaFYW1EbHHeI,43N5onUU1RbSTjNFPVy40N,Japanese Medicine,Deep Below,Rats On Rafts,2025-02-07,337486,0,mmr4r23xnc6oh1c77lysfbqg4,2025-02-07T11:46:10Z,N/A,N/A,,,,,,,,,,,,
4sRLZd7rlGNaFYW1EbHHeI,059ejtySQ4qYjm63keWqtB,All These Things,Deep Below,Rats On Rafts,2025-02-07,240597,0,mmr4r23xnc6oh1c77lysfbqg4,2025-02-07T11:46:10Z,N/A,N/A,,,,,,,,,,,,
4sRLZd7rlGNaFYW1EbHHeI,78NqtxyckUaHQHPPBVrZaR,Hibernation,Deep Below,Rats On Rafts,2025-02-07,303613,0,mmr4r23xnc6oh1c77lysfbqg4,2025-02-07T11:46:10Z,N/A,N/A,,,,,,,,,,,,
4sRLZd7rlGNaFYW1EbHHeI,0MnuTmNMNEVixZK7V3nydj,Voiceprint,Deep Below,Rats On Rafts,2025-02-07,210857,0,mmr4r23xnc6oh1c77lysfbqg4,2025-02-07T11:46:10Z,N/A,N/A,,,,,,,,,,,,
4sRLZd7rlGNaFYW1EbHHeI,5xHwveURlhHBFv2aATOe07,The Day Before,Deep Below,Rats On Rafts,2025-02-07,315175,0,mmr4r23xnc6oh1c77lysfbqg4,2025-02-07T11:46:10Z,N/A,N/A,,,,,,,,,,,,
4sRLZd7rlGNaFYW1EbHHeI,110PwZIc9gdk8oHcVRlLbr,Deep Below,Deep Below,Rats On Rafts,2025-02-07,281966,0,mmr4r23xnc6oh1c77lysfbqg4,2025-02-07T11:46:10Z,N/A,N/A,,,,,,,,,,,,
4sRLZd7rlGNaFYW1EbHHeI,5gx0hRyd9wXBng5b0fvJHN,Nature Breaks,Deep Below,Rats On Rafts,2025-02-07,225518,0,mmr4r23xnc6oh1c77lysfbqg4,2025-02-07T11:46:10Z,N/A,N/A,,,,,,,,,,,,
4sRLZd7rlGNaFYW1EbHHeI,07w8orvY6NRzySxtzxPlWw,Sleepwalking,Deep Below,Rats On Rafts,2025-02-07,383699,0,mmr4r23xnc6oh1c77lysfbqg4,2025-02-07T11:46:10Z,N/A,N/A,,,,,,,,,,,,
4sRLZd7rlGNaFYW1EbHHeI,3WleEA8w5R5r2ePmQZbxvO,In The Beginning,Glutton For Punishment,Heartworms,2025-02-07,41119,0,mmr4r23xnc6oh1c77lysfbqg4,2025-02-07T11:46:41Z,N/A,N/A,,,,,,,,,,,,
4sRLZd7rlGNaFYW1EbHHeI,6OedvYsB1fRsTWhdnj5fnW,Just To Ask A Dance,Glutton For Punishment,Heartworms,2025-02-07,277705,0,mmr4r23xnc6oh1c77lysfbqg4,2025-02-07T11:46:41Z,N/A,N/A,,,,,,,,,,,,
4sRLZd7rlGNaFYW1EbHHeI,2UW0XWdj7kmYWqSf2dvhOc,Jacked,Glutton For Punishment,Heartworms,2025-02-07,267910,0,mmr4r23xnc6oh1c77lysfbqg4,2025-02-07T11:46:41Z,N/A,N/A,,,,,,,,,,,,
4sRLZd7rlGNaFYW1EbHHeI,27a1HBHlfXd1o1yEzJd8iy,Mad Catch,Glutton For Punishment,Heartworms,2025-02-07,190576,0,mmr4r23xnc6oh1c77lysfbqg4,2025-02-07T11:46:41Z,N/A,N/A,,,,,,,,,,,,
4sRLZd7rlGNaFYW1EbHHeI,1d138wSTary8kWenXVbEjT,Extraordinary Wings,Glutton For Punishment,Heartworms,2025-02-07,306286,0,mmr4r23xnc6oh1c77lysfbqg4,2025-02-07T11:46:41Z,N/A,N/A,,,,,,,,,,,,
4sRLZd7rlGNaFYW1EbHHeI,3d34BjXrlp7rOPdGosajUB,Warplane,Glutton For Punishment,Heartworms,2025-02-07,331673,0,mmr4r23xnc6oh1c77lysfbqg4,2025-02-07T11:46:41Z,N/A,N/A,,,,,,,,,,,,
4sRLZd7rlGNaFYW1EbHHeI,1XSHupN2zvcsAIV3OphP8l,Celebrate,Glutton For Punishment,Heartworms,2025-02-07,254846,0,mmr4r23xnc6oh1c77lysfbqg4,2025-02-07T11:46:41Z,N/A,N/A,,,,,,,,,,,,
4sRLZd7rlGNaFYW1EbHHeI,5FdAdYBYWsNjCGpdcRm6Bt,Smugglers Adventure,Glutton For Punishment,Heartworms,2025-02-07,399764,0,mmr4r23xnc6oh1c77lysfbqg4,2025-02-07T11:46:41Z,N/A,N/A,,,,,,,,,,,,
4sRLZd7rlGNaFYW1EbHHeI,5ukJzBPRYj3zBPGHnoD2x5,Glutton For Punishment,Glutton For Punishment,Heartworms,2025-02-07,158938,0,mmr4r23xnc6oh1c77lysfbqg4,2025-02-07T11:46:41Z,N/A,N/A,,,,,,,,,,,,
4sRLZd7rlGNaFYW1EbHHeI,5eemER42XxQkSw3MJgYuhK,Emmanuelle,Enter Now Brightness,Nadia Reid,2025-02-07,213274,0,mmr4r23xnc6oh1c77lysfbqg4,2025-02-07T11:51:57Z,N/A,N/A,,,,,,,,,,,,
4sRLZd7rlGNaFYW1EbHHeI,68wPo4YsHVkS2iKfCXHoSP,Cry On Cue,Enter Now Brightness,Nadia Reid,2025-02-07,217688,0,mmr4r23xnc6oh1c77lysfbqg4,2025-02-07T11:51:57Z,N/A,N/A,,,,,,,,,,,,
4sRLZd7rlGNaFYW1EbHHeI,2faOZdGGcTeNkej0P9ZdVS,Baby Bright,Enter Now Brightness,Nadia Reid,2025-02-07,232853,0,mmr4r23xnc6oh1c77lysfbqg4,2025-02-07T11:51:57Z,N/A,N/A,,,,,,,,,,,,
4sRLZd7rlGNaFYW1EbHHeI,2HI9RNrsgIqqqrX46atCiz,Hold It Up,Enter Now Brightness,Nadia Reid,2025-02-07,247893,0,mmr4r23xnc6oh1c77lysfbqg4,2025-02-07T11:51:57Z,N/A,N/A,,,,,,,,,,,,
4sRLZd7rlGNaFYW1EbHHeI,2jf1YYZGduWV22rDoV5b3y,Changed Unchained,Enter Now Brightness,Nadia Reid,2025-02-07,224880,0,mmr4r23xnc6oh1c77lysfbqg4,2025-02-07T11:51:57Z,N/A,N/A,,,,,,,,,,,,
4sRLZd7rlGNaFYW1EbHHeI,2wEWPigI8HI2Q8m02Tnhv3,Second Nature,Enter Now Brightness,Nadia Reid,2025-02-07,213952,0,mmr4r23xnc6oh1c77lysfbqg4,2025-02-07T11:51:57Z,N/A,N/A,,,,,,,,,,,,
4sRLZd7rlGNaFYW1EbHHeI,5jy5nGhMkCtWLj9Y4sIpKK,Even Now,Enter Now Brightness,Nadia Reid,2025-02-07,254613,0,mmr4r23xnc6oh1c77lysfbqg4,2025-02-07T11:51:57Z,N/A,N/A,,,,,,,,,,,,
3oeOC2CCCSsRWu6qkwS4Z4,54KEm0VI9i3ic7VHHKHKRx,¿Cómo Así?,ORQUÍDEAS,Kali Uchis,2024-01-12,169654,57,mmr4r23xnc6oh1c77lysfbqg4,2025-01-29T01:04:15Z,N/A,N/A,,,,,,,,,,,,
3oeOC2CCCSsRWu6qkwS4Z4,5mVkTPlTPxlQOn7kEvuM3j,Me Pongo Loca,ORQUÍDEAS,Kali Uchis,2024-01-12,177815,54,mmr4r23xnc6oh1c77lysfbqg4,2025-01-29T01:04:15Z,N/A,N/A,,,,,,,,,,,,
3oeOC2CCCSsRWu6qkwS4Z4,6XaJfhwof7qIgbbXO5tIQI,Igual Que Un Ángel (with Peso Pluma),ORQUÍDEAS,"Kali Uchis, Peso Pluma",2024-01-12,260370,76,mmr4r23xnc6oh1c77lysfbqg4,2025-01-29T01:04:15Z,N/A,N/A,,,,,,,,,,,,
3oeOC2CCCSsRWu6qkwS4Z4,52x8HIGuk1gGTlvO8CuLNS,Pensamientos Intrusivos,ORQUÍDEAS,Kali Uchis,2024-01-12,192027,60,mmr4r23xnc6oh1c77lysfbqg4,2025-01-29T01:04:15Z,N/A,N/A,,,,,,,,,,,,
3oeOC2CCCSsRWu6qkwS4Z4,3RleMgz4iO0BNezGdSxDnY,Diosa,ORQUÍDEAS,Kali Uchis,2024-01-12,156037,59,mmr4r23xnc6oh1c77lysfbqg4,2025-01-29T01:04:15Z,N/A,N/A,,,,,,,,,,,,
3oeOC2CCCSsRWu6qkwS4Z4,1NEBuFp0BJMikgXJI9VVab,Te Mata,ORQUÍDEAS,Kali Uchis,2024-01-12,232066,55,mmr4r23xnc6oh1c77lysfbqg4,2025-01-29T01:04:15Z,N/A,N/A,,,,,,,,,,,,
3oeOC2CCCSsRWu6qkwS4Z4,43oIvC7HVMKkAvuPr4Kt4A,Perdiste,ORQUÍDEAS,Kali Uchis,2024-01-12,144165,51,mmr4r23xnc6oh1c77lysfbqg4,2025-01-29T01:04:15Z,N/A,N/A,,,,,,,,,,,,
3oeOC2CCCSsRWu6qkwS4Z4,2R6tflIwv19qoYxg5hYLVh,Young Rich & In Love,ORQUÍDEAS,Kali Uchis,2024-01-12,198300,53,mmr4r23xnc6oh1c77lysfbqg4,2025-01-29T01:04:15Z,N/A,N/A,,,,,,,,,,,,
3oeOC2CCCSsRWu6qkwS4Z4,59ak5RmKdyspU26ifSg0rW,Tu Corazón Es Mío...,ORQUÍDEAS,Kali Uchis,2024-01-12,165845,53,mmr4r23xnc6oh1c77lysfbqg4,2025-01-29T01:04:15Z,N/A,N/A,,,,,,,,,,,,
3oeOC2CCCSsRWu6qkwS4Z4,20LZsv2s3dXvoBuPUEOlAv,Muñekita (with El Alfa & JT),ORQUÍDEAS,"Kali Uchis, El Alfa, JT",2024-01-12,219642,57,mmr4r23xnc6oh1c77lysfbqg4,2025-01-29T01:04:15Z,N/A,N/A,,,,,,,,,,,,
3oeOC2CCCSsRWu6qkwS4Z4,5ycn8M0WNGedabDuaH9mQT,Labios Mordidos (with KAROL G),ORQUÍDEAS,"Kali Uchis, KAROL G",2024-01-12,195373,62,mmr4r23xnc6oh1c77lysfbqg4,2025-01-29T01:04:15Z,N/A,N/A,,,,,,,,,,,,
3oeOC2CCCSsRWu6qkwS4Z4,16pNGHrUDtUq5Qg4LnueIi,No Hay Ley Parte 2 (with Rauw Alejandro),ORQUÍDEAS,"Kali Uchis, Rauw Alejandro",2024-01-12,188268,60,mmr4r23xnc6oh1c77lysfbqg4,2025-01-29T01:04:15Z,N/A,N/A,,,,,,,,,,,,
3oeOC2CCCSsRWu6qkwS4Z4,0xuR1uorCHBfBi0HDZPSYi,Heladito,ORQUÍDEAS,Kali Uchis,2024-01-12,144135,52,mmr4r23xnc6oh1c77lysfbqg4,2025-01-29T01:04:15Z,N/A,N/A,,,,,,,,,,,,
3oeOC2CCCSsRWu6qkwS4Z4,21RAJfkAbaq85RWJQWoxkx,Dame Beso // Muévete,ORQUÍDEAS,Kali Uchis,2024-01-12,215666,60,mmr4r23xnc6oh1c77lysfbqg4,2025-01-29T01:04:15Z,N/A,N/A,,,,,,,,,,,,
3oeOC2CCCSsRWu6qkwS4Z4,4WV21jJoYjf7d5abk0FbcM,Damn My Love,Pagan Church,"John Craigie, TK & The Holy Know-Nothings",2024-01-12,219083,27,mmr4r23xnc6oh1c77lysfbqg4,2025-01-29T01:05:09Z,N/A,N/A,,,,,,,,,,,,
3oeOC2CCCSsRWu6qkwS4Z4,64z4BjW0sFLhFDy3TT7PMq,California Sober,Pagan Church,"John Craigie, TK & The Holy Know-Nothings",2024-01-12,246712,22,mmr4r23xnc6oh1c77lysfbqg4,2025-01-29T01:05:09Z,N/A,N/A,,,,,,,,,,,,
3oeOC2CCCSsRWu6qkwS4Z4,5DqrOXdnCKOYgpBBGQEWjW,Walking Guilty,Pagan Church,"John Craigie, TK & The Holy Know-Nothings",2024-01-12,232610,19,mmr4r23xnc6oh1c77lysfbqg4,2025-01-29T01:05:09Z,N/A,N/A,,,,,,,,,,,,
3oeOC2CCCSsRWu6qkwS4Z4,42wIhv5lg4QiMYNG2nZpw4,Where It's From,Pagan Church,"John Craigie, TK & The Holy Know-Nothings",2024-01-12,185447,23,mmr4r23xnc6oh1c77lysfbqg4,2025-01-29T01:05:09Z,N/A,N/A,,,,,,,,,,,,
3oeOC2CCCSsRWu6qkwS4Z4,5of3QMhmqdnTNH7BF2XbSQ,Viking Sex,Pagan Church,"John Craigie, TK & The Holy Know-Nothings",2024-01-12,246025,16,mmr4r23xnc6oh1c77lysfbqg4,2025-01-29T01:05:09Z,N/A,N/A,,,,,,,,,,,,
3oeOC2CCCSsRWu6qkwS4Z4,2HUfPzAEv6dU3VayXmdybT,Good To You,Pagan Church,"John Craigie, TK & The Holy Know-Nothings",2024-01-12,303206,17,mmr4r23xnc6oh1c77lysfbqg4,2025-01-29T01:05:09Z,N/A,N/A,,,,,,,,,,,,
3oeOC2CCCSsRWu6qkwS4Z4,6xNaNye14VMv1GZQrXEU7w,Judas,Pagan Church,"John Craigie, TK & The Holy Know-Nothings",2024-01-12,248623,17,mmr4r23xnc6oh1c77lysfbqg4,2025-01-29T01:05:09Z,N/A,N/A,,,,,,,,,,,,
3oeOC2CCCSsRWu6qkwS4Z4,6gG2hbaK3iYg7DWOtheGLF,While I'm Down,Pagan Church,"John Craigie, TK & The Holy Know-Nothings",2024-01-12,215544,24,mmr4r23xnc6oh1c77lysfbqg4,2025-01-29T01:05:09Z,N/A,N/A,,,,,,,,,,,,
3oeOC2CCCSsRWu6qkwS4Z4,4g34SgtBXO9lRlWm5adYDP,Sandra,Pagan Church,"John Craigie, TK & The Holy Know-Nothings",2024-01-12,208696,19,mmr4r23xnc6oh1c77lysfbqg4,2025-01-29T01:05:09Z,N/A,N/A,,,,,,,,,,,,
3oeOC2CCCSsRWu6qkwS4Z4,4spYJBTplZrRGDMhoBl2d9,Grand Junction,Pagan Church,"John Craigie, TK & The Holy Know-Nothings",2024-01-12,225564,13,mmr4r23xnc6oh1c77lysfbqg4,2025-01-29T01:05:09Z,N/A,N/A,,,,,,,,,,,,
3oeOC2CCCSsRWu6qkwS4Z4,5Yvj0inHD9R6ZhnlIKizi8,Pagan Church,Pagan Church,"John Craigie, TK & The Holy Know-Nothings",2024-01-12,366004,14,mmr4r23xnc6oh1c77lysfbqg4,2025-01-29T01:05:09Z,N/A,N/A,,,,,,,,,,,,
3oeOC2CCCSsRWu6qkwS4Z4,0S6KgEZ6oHoJMEgggk5fbx,Hell,Little Rope,Sleater-Kinney,2024-01-19,194200,25,mmr4r23xnc6oh1c77lysfbqg4,2025-01-29T01:06:13Z,N/A,N/A,,,,,,,,,,,,
3oeOC2CCCSsRWu6qkwS4Z4,5o3ombwsKQAYnHyKa9Jbwg,Needlessly Wild,Little Rope,Sleater-Kinney,2024-01-19,171986,21,mmr4r23xnc6oh1c77lysfbqg4,2025-01-29T01:06:13Z,N/A,N/A,,,,,,,,,,,,
3oeOC2CCCSsRWu6qkwS4Z4,2EgYIE84KYjf52Sw2WW4x4,Say It Like You Mean It,Little Rope,Sleater-Kinney,2024-01-19,224840,30,mmr4r23xnc6oh1c77lysfbqg4,2025-01-29T01:06:13Z,N/A,N/A,,,,,,,,,,,,
3oeOC2CCCSsRWu6qkwS4Z4,18BXVZ04Xm9eiSyFpD5PJE,Hunt You Down,Little Rope,Sleater-Kinney,2024-01-19,212760,23,mmr4r23xnc6oh1c77lysfbqg4,2025-01-29T01:06:13Z,N/A,N/A,,,,,,,,,,,,
3oeOC2CCCSsRWu6qkwS4Z4,1wf91DouhIDzyweoJpkB3F,Small Finds,Little Rope,Sleater-Kinney,2024-01-19,187733,17,mmr4r23xnc6oh1c77lysfbqg4,2025-01-29T01:06:13Z,N/A,N/A,,,,,,,,,,,,
3oeOC2CCCSsRWu6qkwS4Z4,2yyTuHMp1LlvdA9PYquEBq,Don’t Feel Right,Little Rope,Sleater-Kinney,2024-01-19,230200,18,mmr4r23xnc6oh1c77lysfbqg4,2025-01-29T01:06:13Z,N/A,N/A,,,,,,,,,,,,
3oeOC2CCCSsRWu6qkwS4Z4,477skswRsPZu6383JfCObM,Six Mistakes,Little Rope,Sleater-Kinney,2024-01-19,188920,16,mmr4r23xnc6oh1c77lysfbqg4,2025-01-29T01:06:13Z,N/A,N/A,,,,,,,,,,,,
3oeOC2CCCSsRWu6qkwS4Z4,2A9Oo9EmSwR2QDUZrfjQIA,Crusader,Little Rope,Sleater-Kinney,2024-01-19,217253,17,mmr4r23xnc6oh1c77lysfbqg4,2025-01-29T01:06:13Z,N/A,N/A,,,,,,,,,,,,
3oeOC2CCCSsRWu6qkwS4Z4,2wUX1Ehw5OLzYTu6Hu4QhP,Dress Yourself,Little Rope,Sleater-Kinney,2024-01-19,208466,16,mmr4r23xnc6oh1c77lysfbqg4,2025-01-29T01:06:13Z,N/A,N/A,,,,,,,,,,,,
3oeOC2CCCSsRWu6qkwS4Z4,2RNw5tEPBdJ2oT6Gp8Ws7M,Untidy Creature,Little Rope,Sleater-Kinney,2024-01-19,208906,21,mmr4r23xnc6oh1c77lysfbqg4,2025-01-29T01:06:13Z,N/A,N/A,,,,,,,,,,,,
3oeOC2CCCSsRWu6qkwS4Z4,4falh3eCRkyOvHk33ZV3AV,coelacanth,plastic death,glass beach,2024-01-19,394970,36,mmr4r23xnc6oh1c77lysfbqg4,2025-01-29T01:06:39Z,N/A,N/A,,,,,,,,,,,,
3oeOC2CCCSsRWu6qkwS4Z4,3A7S7BWkfSEdqAMSsOz5dD,motions,plastic death,glass beach,2024-01-19,212187,38,mmr4r23xnc6oh1c77lysfbqg4,2025-01-29T01:06:39Z,N/A,N/A,,,,,,,,,,,,
3oeOC2CCCSsRWu6qkwS4Z4,55uvNQyKpwD5lv8vqGyRPa,slip under the door,plastic death,glass beach,2024-01-19,328405,33,mmr4r23xnc6oh1c77lysfbqg4,2025-01-29T01:06:39Z,N/A,N/A,,,,,,,,,,,,
3oeOC2CCCSsRWu6qkwS4Z4,5wcQljlZlMXO3qsRaZ6ipA,guitar song,plastic death,glass beach,2024-01-19,148715,32,mmr4r23xnc6oh1c77lysfbqg4,2025-01-29T01:06:39Z,N/A,N/A,,,,,,,,,,,,
3oeOC2CCCSsRWu6qkwS4Z4,0KCbWi4LF8rpY8U93T1Mwu,rare animal,plastic death,glass beach,2024-01-19,278251,37,mmr4r23xnc6oh1c77lysfbqg4,2025-01-29T01:06:39Z,N/A,N/A,,,,,,,,,,,,
3oeOC2CCCSsRWu6qkwS4Z4,0yoCVWBBiSj3c6BYpgmxK5,cul-de-sac,plastic death,glass beach,2024-01-19,275805,33,mmr4r23xnc6oh1c77lysfbqg4,2025-01-29T01:06:39Z,N/A,N/A,,,,,,,,,,,,
3oeOC2CCCSsRWu6qkwS4Z4,33FwgbmRTDKOaCnRWWoJyG,whalefall,plastic death,glass beach,2024-01-19,250335,31,mmr4r23xnc6oh1c77lysfbqg4,2025-01-29T01:06:39Z,N/A,N/A,,,,,,,,,,,,
3oeOC2CCCSsRWu6qkwS4Z4,2IW0SnE3J30bEKVsImGpxl,puppy,plastic death,glass beach,2024-01-19,197884,36,mmr4r23xnc6oh1c77lysfbqg4,2025-01-29T01:06:39Z,N/A,N/A,,,,,,,,,,,,
3oeOC2CCCSsRWu6qkwS4Z4,6kMpFH200ZlLrYtImMzb5M,the killer,plastic death,glass beach,2024-01-19,253828,30,mmr4r23xnc6oh1c77lysfbqg4,2025-01-29T01:06:39Z,N/A,N/A,,,,,,,,,,,,
3oeOC2CCCSsRWu6qkwS4Z4,1sMnIXDRXzUGk1fSPBfcFI,the CIA,plastic death,glass beach,2024-01-19,282203,36,mmr4r23xnc6oh1c77lysfbqg4,2025-01-29T01:06:39Z,N/A,N/A,,,,,,,,,,,,
3oeOC2CCCSsRWu6qkwS4Z4,7pa043v72n9xrAyOmpwwaS,200,plastic death,glass beach,2024-01-19,229648,33,mmr4r23xnc6oh1c77lysfbqg4,2025-01-29T01:06:39Z,N/A,N/A,,,,,,,,,,,,
3oeOC2CCCSsRWu6qkwS4Z4,0s4SBcxkhUzP14eFKrWdEC,commatose,plastic death,glass beach,2024-01-19,589551,37,mmr4r23xnc6oh1c77lysfbqg4,2025-01-29T01:06:39Z,N/A,N/A,,,,,,,,,,,,
3oeOC2CCCSsRWu6qkwS4Z4,40tjC5pv6WqFOqqpxdlPoo,abyss angel,plastic death,glass beach,2024-01-19,356769,31,mmr4r23xnc6oh1c77lysfbqg4,2025-01-29T01:06:39Z,N/A,N/A,,,,,,,,,,,,
3oeOC2CCCSsRWu6qkwS4Z4,14twvCzXql2brH14KA7vzX,89 Days,Melt the Honey,PACKS,2024-01-19,162078,26,mmr4r23xnc6oh1c77lysfbqg4,2025-01-29T01:08:05Z,N/A,N/A,,,,,,,,,,,,
3oeOC2CCCSsRWu6qkwS4Z4,03tUaXm6MXfGjM5ts2NIEE,Honey,Melt the Honey,PACKS,2024-01-19,156722,22,mmr4r23xnc6oh1c77lysfbqg4,2025-01-29T01:08:05Z,N/A,N/A,,,,,,,,,,,,
3oeOC2CCCSsRWu6qkwS4Z4,7o3YVtl08LiqrrxCAgNuts,Pearly Whites,Melt the Honey,PACKS,2024-01-19,154314,21,mmr4r23xnc6oh1c77lysfbqg4,2025-01-29T01:08:05Z,N/A,N/A,,,,,,,,,,,,
3oeOC2CCCSsRWu6qkwS4Z4,3Gf3U6mxz3HkqJzEVuymX8,HFCS,Melt the Honey,PACKS,2024-01-19,142883,24,mmr4r23xnc6oh1c77lysfbqg4,2025-01-29T01:08:05Z,N/A,N/A,,,,,,,,,,,,
3oeOC2CCCSsRWu6qkwS4Z4,3jv8Z1WQrZd8z7y2ugx0WV,AmyW,Melt the Honey,PACKS,2024-01-19,131129,14,mmr4r23xnc6oh1c77lysfbqg4,2025-01-29T01:08:05Z,N/A,N/A,,,,,,,,,,,,
3oeOC2CCCSsRWu6qkwS4Z4,1ZytXhf67uhKg8f0xFsI4z,Take Care,Melt the Honey,PACKS,2024-01-19,207428,21,mmr4r23xnc6oh1c77lysfbqg4,2025-01-29T01:08:05Z,N/A,N/A,,,,,,,,,,,,
3oeOC2CCCSsRWu6qkwS4Z4,2tHxMpPtSgu7NmGZULdNaU,Her Garden,Melt the Honey,PACKS,2024-01-19,163775,34,mmr4r23xnc6oh1c77lysfbqg4,2025-01-29T01:08:05Z,N/A,N/A,,,,,,,,,,,,
3oeOC2CCCSsRWu6qkwS4Z4,6UbKmKYwLTrA5mlJVMuQsw,Paige Machine,Melt the Honey,PACKS,2024-01-19,160039,21,mmr4r23xnc6oh1c77lysfbqg4,2025-01-29T01:08:05Z,N/A,N/A,,,,,,,,,,,,
3oeOC2CCCSsRWu6qkwS4Z4,7soqmGSW7TdgyYKs2P2KIJ,Missy,Melt the Honey,"PACKS, tormentatropica",2024-01-19,122149,27,mmr4r23xnc6oh1c77lysfbqg4,2025-01-29T01:08:05Z,N/A,N/A,,,,,,,,,,,,
3oeOC2CCCSsRWu6qkwS4Z4,3OEQa3y4U9xL1RSNfRq32S,Trippin,Melt the Honey,PACKS,2024-01-19,145867,13,mmr4r23xnc6oh1c77lysfbqg4,2025-01-29T01:08:05Z,N/A,N/A,,,,,,,,,,,,
3oeOC2CCCSsRWu6qkwS4Z4,7ekNN6qrS1BI7j5Z9B6hEq,Time Loop,Melt the Honey,PACKS,2024-01-19,164620,15,mmr4r23xnc6oh1c77lysfbqg4,2025-01-29T01:08:05Z,N/A,N/A,,,,,,,,,,,,
3oeOC2CCCSsRWu6qkwS4Z4,12H1IHD2RVDB69yCdXGl75,sentimntel,Come Off It,Sunglow,2024-01-19,109987,0,mmr4r23xnc6oh1c77lysfbqg4,2025-01-29T01:08:30Z,N/A,N/A,,,,,,,,,,,,
3oeOC2CCCSsRWu6qkwS4Z4,13A1P1KsA0z041EFk6cs7q,twice,Come Off It,Sunglow,2024-01-19,151452,0,mmr4r23xnc6oh1c77lysfbqg4,2025-01-29T01:08:30Z,N/A,N/A,,,,,,,,,,,,
3oeOC2CCCSsRWu6qkwS4Z4,1P92yMgzt4xtIsFIvudkhG,Garden Blue,Come Off It,Sunglow,2024-01-19,74500,0,mmr4r23xnc6oh1c77lysfbqg4,2025-01-29T01:08:30Z,N/A,N/A,,,,,,,,,,,,
3oeOC2CCCSsRWu6qkwS4Z4,3UHsQNTTVjuItLXbuZjE8f,infoScope,Come Off It,Sunglow,2024-01-19,115161,0,mmr4r23xnc6oh1c77lysfbqg4,2025-01-29T01:08:30Z,N/A,N/A,,,,,,,,,,,,
3oeOC2CCCSsRWu6qkwS4Z4,2Uh2ErggZ9Qa8nkO3irBoW,Deluxe+,Come Off It,Sunglow,2024-01-19,86500,0,mmr4r23xnc6oh1c77lysfbqg4,2025-01-29T01:08:30Z,N/A,N/A,,,,,,,,,,,,
3oeOC2CCCSsRWu6qkwS4Z4,44RI2Ae3KOlcW5zuGK0bzh,SHOP_ZONE,Come Off It,Sunglow,2024-01-19,42051,0,mmr4r23xnc6oh1c77lysfbqg4,2025-01-29T01:08:30Z,N/A,N/A,,,,,,,,,,,,
3oeOC2CCCSsRWu6qkwS4Z4,0jlWSigARE3apLZusM2Qwl,Unbelievable,Come Off It,Sunglow,2024-01-19,128097,0,mmr4r23xnc6oh1c77lysfbqg4,2025-01-29T01:08:30Z,N/A,N/A,,,,,,,,,,,,
3oeOC2CCCSsRWu6qkwS4Z4,39cAOk4i9XMucLKvX4EN4R,Doberman Pinscher,Come Off It,Sunglow,2024-01-19,145750,0,mmr4r23xnc6oh1c77lysfbqg4,2025-01-29T01:08:30Z,N/A,N/A,,,,,,,,,,,,
3oeOC2CCCSsRWu6qkwS4Z4,0SJHNZBXuwevC98jrpjIS3,castler,Come Off It,Sunglow,2024-01-19,140971,0,mmr4r23xnc6oh1c77lysfbqg4,2025-01-29T01:08:30Z,N/A,N/A,,,,,,,,,,,,
3oeOC2CCCSsRWu6qkwS4Z4,3UdmKXLvKrA4PhIHJAYVbt,hard_Toner,Come Off It,Sunglow,2024-01-19,174000,0,mmr4r23xnc6oh1c77lysfbqg4,2025-01-29T01:08:30Z,N/A,N/A,,,,,,,,,,,,
3oeOC2CCCSsRWu6qkwS4Z4,5gQjIwNxPqcRewbfKrMire,The Rabid Man,Come Off It,Sunglow,2024-01-19,89507,0,mmr4r23xnc6oh1c77lysfbqg4,2025-01-29T01:08:30Z,N/A,N/A,,,,,,,,,,,,
3oeOC2CCCSsRWu6qkwS4Z4,5CcT371d4xYd6jXzy7ly44,Put Out the Stop,Come Off It,Sunglow,2024-01-19,195000,0,mmr4r23xnc6oh1c77lysfbqg4,2025-01-29T01:08:30Z,N/A,N/A,,,,,,,,,,,,
3oeOC2CCCSsRWu6qkwS4Z4,72sMWFwbQq4kQ6EqnWdUZf,King of Sweden,People Who Aren’t There Anymore,Future Islands,2024-01-26,251733,50,mmr4r23xnc6oh1c77lysfbqg4,2025-01-29T01:10:05Z,N/A,N/A,,,,,,,,,,,,
3oeOC2CCCSsRWu6qkwS4Z4,5tH2qe9ZNeIpto9dxk4ufx,The Tower,People Who Aren’t There Anymore,Future Islands,2024-01-26,216866,48,mmr4r23xnc6oh1c77lysfbqg4,2025-01-29T01:10:05Z,N/A,N/A,,,,,,,,,,,,
3oeOC2CCCSsRWu6qkwS4Z4,2XKPhyIzriLtkqSbEtnFey,Deep In The Night,People Who Aren’t There Anymore,Future Islands,2024-01-26,207133,38,mmr4r23xnc6oh1c77lysfbqg4,2025-01-29T01:10:05Z,N/A,N/A,,,,,,,,,,,,
3oeOC2CCCSsRWu6qkwS4Z4,5Z9Q68FWGYnExUI7zrmETG,Say Goodbye,People Who Aren’t There Anymore,Future Islands,2024-01-26,238133,41,mmr4r23xnc6oh1c77lysfbqg4,2025-01-29T01:10:05Z,N/A,N/A,,,,,,,,,,,,
3oeOC2CCCSsRWu6qkwS4Z4,6kShE7GtShByMkLGAcbrh3,Give Me The Ghost Back,People Who Aren’t There Anymore,Future Islands,2024-01-26,197133,35,mmr4r23xnc6oh1c77lysfbqg4,2025-01-29T01:10:05Z,N/A,N/A,,,,,,,,,,,,
3oeOC2CCCSsRWu6qkwS4Z4,0WD51wX4WlDOSSs6pD28W7,Corner of My Eye,People Who Aren’t There Anymore,Future Islands,2024-01-26,233266,35,mmr4r23xnc6oh1c77lysfbqg4,2025-01-29T01:10:05Z,N/A,N/A,,,,,,,,,,,,
3oeOC2CCCSsRWu6qkwS4Z4,5yTixFP31a9CFwyh8vP80n,The Thief,People Who Aren’t There Anymore,Future Islands,2024-01-26,201200,40,mmr4r23xnc6oh1c77lysfbqg4,2025-01-29T01:10:05Z,N/A,N/A,,,,,,,,,,,,
3oeOC2CCCSsRWu6qkwS4Z4,3VXbKA04tnV2IIhUH6wwDK,Iris,People Who Aren’t There Anymore,Future Islands,2024-01-26,224466,34,mmr4r23xnc6oh1c77lysfbqg4,2025-01-29T01:10:05Z,N/A,N/A,,,,,,,,,,,,
3oeOC2CCCSsRWu6qkwS4Z4,3R8Z5eyY2dIddJzg7r9xPi,The Fight,People Who Aren’t There Anymore,Future Islands,2024-01-26,267400,35,mmr4r23xnc6oh1c77lysfbqg4,2025-01-29T01:10:05Z,N/A,N/A,,,,,,,,,,,,
3oeOC2CCCSsRWu6qkwS4Z4,2njacMNMduDpk2Rhg06sp3,Peach,People Who Aren’t There Anymore,Future Islands,2024-01-26,192293,42,mmr4r23xnc6oh1c77lysfbqg4,2025-01-29T01:10:05Z,N/A,N/A,,,,,,,,,,,,
3oeOC2CCCSsRWu6qkwS4Z4,11lNbA7XEZuA0Q1BmfcJt2,The Sickness,People Who Aren’t There Anymore,Future Islands,2024-01-26,241133,32,mmr4r23xnc6oh1c77lysfbqg4,2025-01-29T01:10:05Z,N/A,N/A,,,,,,,,,,,,
3oeOC2CCCSsRWu6qkwS4Z4,0pP3l0b1H6zK6nSxFarc4T,The Garden Wheel,People Who Aren’t There Anymore,Future Islands,2024-01-26,168133,32,mmr4r23xnc6oh1c77lysfbqg4,2025-01-29T01:10:05Z,N/A,N/A,,,,,,,,,,,,
3oeOC2CCCSsRWu6qkwS4Z4,3tP2P4KybC9wYVI8Pe41GT,Wall Of Eyes,Wall Of Eyes,The Smile,2024-01-26,305946,48,mmr4r23xnc6oh1c77lysfbqg4,2025-01-29T01:10:30Z,N/A,N/A,,,,,,,,,,,,
3oeOC2CCCSsRWu6qkwS4Z4,6o2yIQVzajJjRrgICzcfAf,Teleharmonic,Wall Of Eyes,The Smile,2024-01-26,310440,49,mmr4r23xnc6oh1c77lysfbqg4,2025-01-29T01:10:30Z,N/A,N/A,,,,,,,,,,,,
3oeOC2CCCSsRWu6qkwS4Z4,4WlKWgWG030Cpatn5P6uGE,Read The Room,Wall Of Eyes,The Smile,2024-01-26,314440,44,mmr4r23xnc6oh1c77lysfbqg4,2025-01-29T01:10:30Z,N/A,N/A,,,,,,,,,,,,
3oeOC2CCCSsRWu6qkwS4Z4,0S8AJYklLvEHIA6J2Mfirx,Under Our Pillows,Wall Of Eyes,The Smile,2024-01-26,374040,41,mmr4r23xnc6oh1c77lysfbqg4,2025-01-29T01:10:30Z,N/A,N/A,,,,,,,,,,,,
3oeOC2CCCSsRWu6qkwS4Z4,4lTLmo9aTyMJ1SoHa63WA6,Friend Of A Friend,Wall Of Eyes,The Smile,2024-01-26,275200,46,mmr4r23xnc6oh1c77lysfbqg4,2025-01-29T01:10:30Z,N/A,N/A,,,,,,,,,,,,
3oeOC2CCCSsRWu6qkwS4Z4,1AwmHLaRPX4970KLkbetPb,I Quit,Wall Of Eyes,The Smile,2024-01-26,332053,41,mmr4r23xnc6oh1c77lysfbqg4,2025-01-29T01:10:30Z,N/A,N/A,,,,,,,,,,,,
3oeOC2CCCSsRWu6qkwS4Z4,1xnVnK5ZHZaGEZ166eFpNJ,Bending Hectic,Wall Of Eyes,The Smile,2024-01-26,483973,44,mmr4r23xnc6oh1c77lysfbqg4,2025-01-29T01:10:30Z,N/A,N/A,,,,,,,,,,,,
3oeOC2CCCSsRWu6qkwS4Z4,7CqPRDUeEPcaAzadljKd38,You Know Me!,Wall Of Eyes,The Smile,2024-01-26,321733,37,mmr4r23xnc6oh1c77lysfbqg4,2025-01-29T01:10:30Z,N/A,N/A,,,,,,,,,,,,
3oeOC2CCCSsRWu6qkwS4Z4,4cOEg1TbLVJ7ODTU6kqFkM,The Bell,Three Bells,Ty Segall,2024-01-26,307173,24,mmr4r23xnc6oh1c77lysfbqg4,2025-01-29T01:10:39Z,N/A,N/A,,,,,,,,,,,,
3oeOC2CCCSsRWu6qkwS4Z4,4FyZknHKfTxbVnsvnt8BEk,Void,Three Bells,Ty Segall,2024-01-26,403653,22,mmr4r23xnc6oh1c77lysfbqg4,2025-01-29T01:10:39Z,N/A,N/A,,,,,,,,,,,,
3oeOC2CCCSsRWu6qkwS4Z4,1mP1kE4WQi9Q0wGsanVYbS,I Hear,Three Bells,Ty Segall,2024-01-26,276346,22,mmr4r23xnc6oh1c77lysfbqg4,2025-01-29T01:10:39Z,N/A,N/A,,,,,,,,,,,,
3oeOC2CCCSsRWu6qkwS4Z4,37IbS5SNPhC72QZgwvhSU6,Hi Dee Dee,Three Bells,Ty Segall,2024-01-26,191786,21,mmr4r23xnc6oh1c77lysfbqg4,2025-01-29T01:10:39Z,N/A,N/A,,,,,,,,,,,,
3oeOC2CCCSsRWu6qkwS4Z4,7GQnMMMkKwGAgUsCvmksnV,My Best Friend,Three Bells,Ty Segall,2024-01-26,196000,31,mmr4r23xnc6oh1c77lysfbqg4,2025-01-29T01:10:39Z,N/A,N/A,,,,,,,,,,,,
3oeOC2CCCSsRWu6qkwS4Z4,3R0Nhnc7SvjWL5KGSTR0gw,Reflections,Three Bells,Ty Segall,2024-01-26,242106,19,mmr4r23xnc6oh1c77lysfbqg4,2025-01-29T01:10:39Z,N/A,N/A,,,,,,,,,,,,
3oeOC2CCCSsRWu6qkwS4Z4,17zpP9qZO2LkakPPdu4klc,Move,Three Bells,Ty Segall,2024-01-26,195186,17,mmr4r23xnc6oh1c77lysfbqg4,2025-01-29T01:10:39Z,N/A,N/A,,,,,,,,,,,,
3oeOC2CCCSsRWu6qkwS4Z4,6biapHBp7KwdjS3bVFMsjd,Eggman,Three Bells,Ty Segall,2024-01-26,244853,17,mmr4r23xnc6oh1c77lysfbqg4,2025-01-29T01:10:39Z,N/A,N/A,,,,,,,,,,,,
3oeOC2CCCSsRWu6qkwS4Z4,6rFL4JHFIGiPfvdQ7mKhzI,My Room,Three Bells,Ty Segall,2024-01-26,257200,28,mmr4r23xnc6oh1c77lysfbqg4,2025-01-29T01:10:39Z,N/A,N/A,,,,,,,,,,,,
